"AGE_GROUP","LEADING_CAUSES_OF_DEATH","1990","1991","1992","1993","1994","1995","1996","1997","1998","1999","2000","2001","2002","2003","2004","2005","2006","2007","2008","2009","2010"
"Age 65 and Older","All other accidents",NA,NA,NA,NA,NA,NA,NA,NA,NA,NA,NA,NA,NA,NA,NA,NA,NA,1186,1179,NA,NA
"Age 65 and Older","Motor vehicle accidents",NA,NA,NA,NA,NA,NA,NA,NA,NA,NA,NA,NA,NA,NA,NA,NA,NA,215,196,NA,NA
"Age 65 and Older","Abdominal hernia and intestinal blockage",NA,NA,NA,NA,NA,NA,NA,264,287,NA,NA,NA,NA,NA,NA,NA,NA,NA,NA,NA,NA
"Age 65 and Older","Accidents",NA,NA,NA,NA,NA,NA,NA,NA,NA,1298,1199,1241,1278,NA,1244,1342,1281,1401,1375,1286,NA
"Age 65 and Older","Accidents (unintentional injuries)",NA,NA,NA,NA,NA,NA,NA,NA,NA,NA,NA,NA,NA,1257,NA,NA,NA,NA,NA,NA,NA
"Age 65 and Older","All other accidents",NA,NA,NA,NA,NA,NA,NA,NA,NA,NA,NA,NA,NA,977,1003,1066,1062,NA,NA,1093,NA
"Age 65 and Older","Alzheimer's disease",NA,697,587,967,925,1030,1052,1048,1119,1885,2128,2129,2362,2589,2565,2788,2758,2687,3161,2855,NA
"Age 65 and Older","Anemias",NA,NA,NA,NA,NA,NA,NA,239,199,NA,NA,NA,NA,NA,NA,NA,NA,NA,NA,NA,NA
"Age 65 and Older","Aortic aneurism",NA,NA,NA,NA,NA,NA,NA,640,626,NA,NA,NA,NA,NA,NA,NA,NA,NA,NA,NA,NA
"Age 65 and Older","Aortic aneurism and dissection",NA,NA,NA,NA,NA,NA,NA,NA,NA,605,610,562,497,NA,NA,NA,NA,NA,NA,NA,NA
"Age 65 and Older","Atherosclerosis",NA,NA,NA,NA,NA,NA,NA,628,526,585,572,541,510,NA,NA,NA,NA,NA,NA,NA,NA
"Age 65 and Older","Benign neoplasms",NA,NA,NA,NA,NA,NA,NA,257,261,NA,NA,NA,NA,NA,NA,NA,NA,NA,NA,NA,NA
"Age 65 and Older","Cerebrovascular disease",5859,5995,6004,6408,6479,6651,6560,6457,6361,6851,6532,6394,NA,NA,NA,NA,NA,NA,NA,NA,NA
"Age 65 and Older","Cerebrovascular diseases",NA,NA,NA,NA,NA,NA,NA,NA,NA,NA,NA,NA,6361,6063,5678,5495,5213,5068,4952,4517,NA
"Age 65 and Older","Cholelithiasis",NA,NA,NA,NA,NA,NA,NA,NA,83,NA,NA,NA,NA,NA,NA,NA,NA,NA,NA,NA,NA
"Age 65 and Older","Chronic liver disease and cirrhosis",NA,NA,NA,NA,NA,NA,NA,459,415,454,421,435,414,NA,NA,NA,NA,NA,NA,371,NA
"Age 65 and Older","Chronic lower resipratory diseases",NA,NA,NA,NA,NA,NA,NA,NA,NA,NA,NA,NA,NA,NA,NA,4363,NA,NA,NA,NA,NA
"Age 65 and Older","Chronic lower respiratory diseases",NA,NA,NA,NA,NA,NA,NA,NA,NA,4437,4134,4067,4125,4211,4088,NA,4040,4082,4844,4545,NA
"Age 65 and Older","Chronic obstructive pulmonary disease",NA,3267,NA,NA,NA,NA,NA,3688,3893,NA,NA,NA,NA,NA,NA,NA,NA,NA,NA,NA,NA
"Age 65 and Older","Chronic obstructive pulmonary disease and other allied diseases",NA,NA,3272,NA,NA,NA,NA,NA,NA,NA,NA,NA,NA,NA,NA,NA,NA,NA,NA,NA,NA
"Age 65 and Older","Chronic obstructive pulmonary diseases and other allied conditions",3188,NA,NA,3607,3637,3811,3770,NA,NA,NA,NA,NA,NA,NA,NA,NA,NA,NA,NA,NA,NA
"Age 65 and Older","Diabetes melliltus",NA,NA,NA,NA,NA,NA,NA,NA,NA,NA,NA,NA,NA,NA,2314,NA,NA,NA,NA,NA,NA
"Age 65 and Older","Diabetes mellitus",1679,1713,1800,1862,1870,2003,2028,2034,2099,2316,2312,2400,2283,2359,NA,2263,2052,2096,2113,1982,NA
"Age 65 and Older","Diseases of heart",NA,NA,NA,NA,NA,NA,NA,NA,NA,27643,26347,25356,25184,24232,22858,22659,21792,20547,20675,19646,NA
"Age 65 and Older","Essential (primary) hypertension and hypertensive renal disease",NA,NA,NA,NA,NA,NA,NA,NA,NA,NA,NA,NA,NA,777,807,851,NA,NA,NA,NA,NA
"Age 65 and Older","Essential hypertension and hypertensive renal disease",NA,NA,NA,NA,NA,NA,NA,NA,NA,NA,NA,NA,NA,NA,NA,NA,NA,NA,790,751,NA
"Age 65 and Older","General arteriosclerosis",737,NA,NA,NA,NA,NA,NA,NA,NA,NA,NA,NA,NA,NA,NA,NA,NA,NA,NA,NA,NA
"Age 65 and Older","Heart disease",29078,29375,28375,29571,29137,29814,28440,27009,27154,NA,NA,NA,NA,NA,NA,NA,NA,NA,NA,NA,NA
"Age 65 and Older","Homicide",NA,NA,NA,NA,NA,NA,NA,NA,42,NA,NA,NA,NA,NA,NA,NA,NA,NA,NA,NA,NA
"Age 65 and Older","Hypertension with or without renal disease",NA,NA,NA,NA,NA,NA,NA,443,487,NA,NA,NA,NA,NA,NA,NA,NA,NA,NA,NA,NA
"Age 65 and Older","In situ neoplasms",NA,NA,NA,NA,NA,NA,NA,NA,NA,468,510,501,522,NA,NA,NA,NA,NA,NA,NA,NA
"Age 65 and Older","In situ neoplasms, benign neoplasms and neoplasms of uncertain or unknown behavior",NA,NA,NA,NA,NA,NA,NA,NA,NA,NA,NA,NA,NA,NA,NA,NA,NA,NA,NA,547,NA
"Age 65 and Older","Influenza and pneumonia",NA,NA,NA,NA,NA,NA,NA,NA,NA,2746,2603,2345,2610,2548,2444,2591,2345,2208,2312,2005,NA
"Age 65 and Older","Malignant neoplasms",16568,16842,17090,17629,17657,17828,17511,17188,17357,17881,18041,17440,17361,17339,16928,16951,16730,16824,16834,16733,NA
"Age 65 and Older","Motor vehicle accidents",NA,NA,NA,NA,NA,NA,NA,NA,NA,NA,NA,NA,NA,280,241,276,219,NA,NA,193,NA
"Age 65 and Older","Nephritis",962,1142,1169,1247,1217,1342,1372,1343,1426,1651,1780,1816,1937,1912,NA,NA,NA,NA,NA,NA,NA
"Age 65 and Older","Nephritis, nephrotic syndrome and nephrosis",NA,NA,NA,NA,NA,NA,NA,NA,NA,NA,NA,NA,NA,NA,1966,2009,2115,2124,2164,2279,NA
"Age 65 and Older","Parkinson's disease",NA,NA,NA,NA,NA,NA,NA,NA,NA,681,701,NA,766,NA,820,NA,NA,NA,NA,NA,NA
"Age 65 and Older","Parkinsons's disease",NA,NA,NA,NA,NA,NA,NA,NA,NA,NA,NA,NA,NA,NA,NA,871,838,797,870,859,NA
"Age 65 and Older","Pneumonia and influenza",3468,3427,3127,3576,3431,3426,3506,3355,3496,NA,NA,NA,NA,NA,NA,NA,NA,NA,NA,NA,NA
"Age 65 and Older","Pneumonitis due to solids and liquids",NA,NA,NA,NA,NA,NA,NA,NA,NA,775,801,791,836,786,742,827,825,NA,766,700,NA
"Age 65 and Older","Primary hypertension and hypertensive renal disease",NA,NA,NA,NA,NA,NA,NA,NA,NA,621,612,662,719,NA,NA,NA,NA,NA,NA,NA,NA
"Age 65 and Older","Septicemia",841,881,857,922,967,985,1065,1036,1168,1464,1475,1541,1594,1594,1567,1539,1526,1596,1456,1529,NA
"Age 65 and Older","Suicide",NA,NA,NA,NA,NA,NA,NA,205,201,NA,NA,NA,NA,NA,NA,NA,NA,NA,NA,NA,NA
"Age 65 and Older","Ulcer of stomach and duodenum",NA,NA,NA,NA,NA,NA,NA,275,230,NA,NA,NA,NA,NA,NA,NA,NA,NA,NA,NA,NA
"Age 65 and Older","Unintentional injuries",1040,1003,884,999,1119,1194,1135,NA,NA,NA,NA,NA,NA,NA,NA,NA,NA,NA,NA,NA,NA
"Age 65 and Older","Unintentional injuries: all other",734,730,631,262,825,864,838,804,850,1001,950,971,1000,NA,NA,NA,NA,NA,NA,NA,NA
"Age 65 and Older","Unintentional injuries: motor vehicle",306,273,253,737,294,330,297,262,279,297,249,270,278,NA,NA,NA,NA,NA,NA,NA,NA
"Age 65 and Older","Unintentional injury",NA,NA,NA,NA,NA,NA,NA,1066,1129,NA,NA,NA,NA,NA,NA,NA,NA,NA,NA,NA,NA
"Age 65 and Older","Viral hepatitis",NA,NA,NA,NA,NA,NA,NA,NA,61,NA,NA,NA,NA,NA,NA,NA,NA,NA,NA,NA,NA
"Age 85 and Older","Accidents",NA,NA,NA,NA,NA,NA,NA,NA,NA,NA,NA,NA,NA,NA,NA,NA,NA,NA,NA,NA,592
"Age 85 and Older","All other accidents",NA,NA,NA,NA,NA,NA,NA,NA,NA,NA,NA,NA,NA,NA,NA,NA,NA,NA,NA,NA,552
"Age 85 and Older","Alzheimer's disease",NA,NA,NA,NA,NA,NA,NA,NA,NA,NA,NA,NA,NA,NA,NA,NA,NA,NA,NA,NA,1996
"Age 85 and Older","Anemias",NA,NA,NA,NA,NA,NA,NA,NA,NA,NA,NA,NA,NA,NA,NA,NA,NA,NA,NA,NA,109
"Age 85 and Older","Aortic aneurysm and dissection",NA,NA,NA,NA,NA,NA,NA,NA,NA,NA,NA,NA,NA,NA,NA,NA,NA,NA,NA,NA,123
"Age 85 and Older","Atherosclerosis",NA,NA,NA,NA,NA,NA,NA,NA,NA,NA,NA,NA,NA,NA,NA,NA,NA,NA,NA,NA,166
"Age 85 and Older","Cerebrovascular diseases",NA,NA,NA,NA,NA,NA,NA,NA,NA,NA,NA,NA,NA,NA,NA,NA,NA,NA,NA,NA,2375
"Age 85 and Older","Chronic lower respiratory diseases",NA,NA,NA,NA,NA,NA,NA,NA,NA,NA,NA,NA,NA,NA,NA,NA,NA,NA,NA,NA,1483
"Age 85 and Older","Diabetes mellitus",NA,NA,NA,NA,NA,NA,NA,NA,NA,NA,NA,NA,NA,NA,NA,NA,NA,NA,NA,NA,618
"Age 85 and Older","Diseases of heart",NA,NA,NA,NA,NA,NA,NA,NA,NA,NA,NA,NA,NA,NA,NA,NA,NA,NA,NA,NA,9848
"Age 85 and Older","Enterocolitis due to Clostridium difficile",NA,NA,NA,NA,NA,NA,NA,NA,NA,NA,NA,NA,NA,NA,NA,NA,NA,NA,NA,NA,169
"Age 85 and Older","Essential hypertension and hypertensive renal disease",NA,NA,NA,NA,NA,NA,NA,NA,NA,NA,NA,NA,NA,NA,NA,NA,NA,NA,NA,NA,441
"Age 85 and Older","In situ neoplasms, benign neoplasms and neoplasms of uncertain or unknown behavior",NA,NA,NA,NA,NA,NA,NA,NA,NA,NA,NA,NA,NA,NA,NA,NA,NA,NA,NA,NA,222
"Age 85 and Older","Influenza and pneumonia",NA,NA,NA,NA,NA,NA,NA,NA,NA,NA,NA,NA,NA,NA,NA,NA,NA,NA,NA,NA,1066
"Age 85 and Older","Malignant neoplasms",NA,NA,NA,NA,NA,NA,NA,NA,NA,NA,NA,NA,NA,NA,NA,NA,NA,NA,NA,NA,4167
"Age 85 and Older","Motor vehicle accidents",NA,NA,NA,NA,NA,NA,NA,NA,NA,NA,NA,NA,NA,NA,NA,NA,NA,NA,NA,NA,40
"Age 85 and Older","Nephritis, nephrotic syndrome and nephrosis",NA,NA,NA,NA,NA,NA,NA,NA,NA,NA,NA,NA,NA,NA,NA,NA,NA,NA,NA,NA,967
"Age 85 and Older","Parkinsons's disease",NA,NA,NA,NA,NA,NA,NA,NA,NA,NA,NA,NA,NA,NA,NA,NA,NA,NA,NA,NA,400
"Age 85 and Older","Pneumonitis due to solids and liquids",NA,NA,NA,NA,NA,NA,NA,NA,NA,NA,NA,NA,NA,NA,NA,NA,NA,NA,NA,NA,475
"Age 85 and Older","Septicemia",NA,NA,NA,NA,NA,NA,NA,NA,NA,NA,NA,NA,NA,NA,NA,NA,NA,NA,NA,NA,577
"Ages 1-4","All other accidents",NA,NA,NA,NA,NA,NA,NA,NA,NA,NA,NA,NA,NA,NA,NA,NA,NA,38,35,NA,NA
"Ages 1-4","Motor vehicle accidents",NA,NA,NA,NA,NA,NA,NA,NA,NA,NA,NA,NA,NA,NA,NA,NA,NA,16,9,NA,NA
"Ages 1-4","Accidents",NA,NA,NA,NA,NA,NA,NA,NA,NA,83,74,56,62,NA,50,38,57,54,44,48,37
"Ages 1-4","Accidents (unintentional injuries)",NA,NA,NA,NA,NA,NA,NA,NA,NA,NA,NA,NA,NA,54,NA,NA,NA,NA,NA,NA,NA
"Ages 1-4","All other accidents",NA,NA,NA,NA,NA,NA,NA,NA,NA,NA,NA,NA,NA,35,32,31,42,NA,NA,30,29
"Ages 1-4","Anemia",5,NA,NA,NA,NA,NA,NA,NA,NA,NA,NA,NA,NA,NA,NA,NA,NA,NA,NA,NA,NA
"Ages 1-4","Assault (homicide)",NA,NA,NA,NA,NA,NA,NA,NA,NA,NA,NA,NA,NA,13,23,NA,13,17,12,21,16
"Ages 1-4","Assualt (homicide)",NA,NA,NA,NA,NA,NA,NA,NA,NA,NA,NA,NA,NA,NA,NA,15,NA,NA,NA,NA,NA
"Ages 1-4","Benign neoplasms",NA,NA,4,NA,NA,NA,5,NA,NA,NA,NA,NA,NA,NA,NA,NA,NA,NA,NA,NA,NA
"Ages 1-4","Cerebrovascular disease",NA,NA,NA,NA,NA,NA,NA,NA,5,NA,NA,NA,NA,NA,NA,NA,NA,NA,NA,NA,NA
"Ages 1-4","Certain conditions originating in the perinatal period",5,7,4,6,10,4,6,NA,NA,NA,NA,NA,NA,NA,NA,NA,NA,NA,NA,NA,NA
"Ages 1-4","Chronic obstructive pulmonary diseases and allied conditions",NA,6,3,5,NA,NA,NA,NA,NA,NA,NA,NA,NA,NA,NA,NA,NA,NA,NA,NA,NA
"Ages 1-4","Congenital anomalies",38,46,44,34,34,35,28,26,30,NA,NA,NA,NA,NA,NA,NA,NA,NA,NA,NA,NA
"Ages 1-4","Congenital malformations",NA,NA,NA,NA,NA,NA,NA,NA,NA,31,30,24,23,25,NA,NA,NA,NA,NA,NA,NA
"Ages 1-4","Congenital malformations, deformations and chromosomal abnormalities",NA,NA,NA,NA,NA,NA,NA,NA,NA,NA,NA,NA,NA,NA,32,NA,20,26,23,27,22
"Ages 1-4","Congenital malformations, deformations, and chromosomal abnormalities",NA,NA,NA,NA,NA,NA,NA,NA,NA,NA,NA,NA,NA,NA,NA,23,NA,NA,NA,NA,NA
"Ages 1-4","Diseases of heart",NA,NA,NA,NA,NA,NA,NA,NA,NA,NA,NA,16,NA,NA,NA,NA,NA,NA,15,NA,NA
"Ages 1-4","Heart disease",10,22,17,11,18,18,16,NA,18,NA,NA,NA,NA,NA,NA,NA,NA,NA,NA,NA,NA
"Ages 1-4","HIV infection",NA,NA,NA,NA,7,NA,NA,NA,NA,NA,NA,NA,NA,NA,NA,NA,NA,NA,NA,NA,NA
"Ages 1-4","Homicide",23,22,29,26,22,29,21,20,16,19,11,23,17,NA,NA,NA,NA,NA,NA,NA,NA
"Ages 1-4","Infantile cerebral palsy",5,7,3,10,8,8,5,NA,NA,NA,NA,NA,NA,NA,NA,NA,NA,NA,NA,NA,NA
"Ages 1-4","Influenza and pneumonia",NA,NA,NA,NA,NA,NA,NA,NA,NA,NA,NA,NA,10,NA,NA,NA,NA,NA,NA,NA,NA
"Ages 1-4","Malignant neoplasms",24,26,22,35,32,23,17,20,17,20,18,21,17,20,11,21,15,14,12,18,13
"Ages 1-4","Meningitis",6,6,NA,NA,NA,5,NA,NA,NA,NA,NA,NA,NA,NA,NA,NA,NA,NA,NA,NA,NA
"Ages 1-4","Motor vehicle accidents",NA,NA,NA,NA,NA,NA,NA,NA,NA,NA,NA,NA,NA,19,18,7,15,NA,NA,18,8
"Ages 1-4","Pneumonia and influenza",9,18,12,11,15,8,15,NA,14,NA,NA,NA,NA,NA,NA,NA,NA,NA,NA,NA,NA
"Ages 1-4","Septicemia",NA,NA,NA,5,9,7,7,NA,10,NA,NA,NA,NA,NA,NA,NA,NA,NA,NA,NA,NA
"Ages 1-4","Unintentional injuries",115,148,103,87,123,112,92,NA,64,NA,NA,NA,NA,NA,NA,NA,NA,NA,NA,NA,NA
"Ages 1-4","Unintentional injuries: all other",89,115,79,63,94,70,58,53,43,63,48,39,50,NA,NA,NA,NA,NA,NA,NA,NA
"Ages 1-4","Unintentional injuries: motor vehicle",NA,33,24,24,29,42,34,15,21,20,26,17,12,NA,NA,NA,NA,NA,NA,NA,NA
"Ages 1-4","Unintentional injury",NA,NA,NA,NA,NA,NA,NA,68,NA,NA,NA,NA,NA,NA,NA,NA,NA,NA,NA,NA,NA
"Ages 1-4","Unintentional injury: motor vehicle",26,NA,NA,NA,NA,NA,NA,NA,NA,NA,NA,NA,NA,NA,NA,NA,NA,NA,NA,NA,NA
"Ages 15-24","All other accidents",NA,NA,NA,NA,NA,NA,NA,NA,NA,NA,NA,NA,NA,NA,NA,NA,NA,199,208,NA,NA
"Ages 15-24","Motor vehicle accidents",NA,NA,NA,NA,NA,NA,NA,NA,NA,NA,NA,NA,NA,NA,NA,NA,NA,350,262,NA,NA
"Ages 15-24","Accidents",NA,NA,NA,NA,NA,NA,NA,NA,NA,550,553,530,564,NA,506,569,538,549,470,419,447
"Ages 15-24","Accidents (unintentional injuries)",NA,NA,NA,NA,NA,NA,NA,NA,NA,NA,NA,NA,NA,583,NA,NA,NA,NA,NA,NA,NA
"Ages 15-24","All other accidents",NA,NA,NA,NA,NA,NA,NA,NA,NA,NA,NA,NA,NA,194,162,190,208,NA,NA,194,221
"Ages 15-24","Anemias",NA,NA,NA,NA,NA,NA,NA,NA,8,NA,NA,NA,NA,NA,NA,NA,NA,NA,NA,NA,NA
"Ages 15-24","Assault (homicide)",NA,NA,NA,NA,NA,NA,NA,NA,NA,NA,NA,NA,NA,358,311,NA,302,305,340,344,282
"Ages 15-24","Assualt (homicide)",NA,NA,NA,NA,NA,NA,NA,NA,NA,NA,NA,NA,NA,NA,NA,315,NA,NA,NA,NA,NA
"Ages 15-24","Benign neoplasms",NA,NA,NA,NA,NA,NA,NA,NA,8,NA,NA,NA,NA,NA,NA,NA,NA,NA,NA,NA,NA
"Ages 15-24","Cerebrovascular disease",NA,12,NA,NA,NA,NA,NA,NA,NA,NA,NA,NA,NA,NA,NA,NA,NA,NA,NA,NA,NA
"Ages 15-24","Cerebrovascular diseases",NA,NA,NA,NA,NA,NA,NA,NA,13,NA,NA,NA,NA,NA,NA,NA,NA,NA,NA,NA,NA
"Ages 15-24","Chronic lower respiratory diseases",NA,NA,NA,NA,NA,NA,NA,NA,NA,23,19,NA,NA,17,NA,NA,NA,NA,NA,NA,NA
"Ages 15-24","Chronic obstructive pulmonary diseases and allied diseases",15,NA,NA,NA,NA,NA,NA,NA,NA,NA,NA,NA,NA,NA,NA,NA,NA,NA,NA,NA,NA
"Ages 15-24","Chronic obstructive pulmonary diseases and other allied conditions",NA,16,15,19,24,15,25,NA,18,NA,NA,NA,NA,NA,NA,NA,NA,NA,NA,NA,NA
"Ages 15-24","Complications of pregnancy and childbirth",NA,NA,NA,NA,NA,NA,NA,NA,6,NA,NA,NA,NA,NA,NA,NA,NA,NA,NA,NA,NA
"Ages 15-24","Congenital anomalies",20,25,23,26,17,24,13,19,18,NA,NA,NA,NA,NA,NA,NA,NA,NA,NA,NA,NA
"Ages 15-24","Congenital malformations",NA,NA,NA,NA,NA,NA,NA,NA,NA,18,19,20,29,14,NA,NA,NA,NA,NA,NA,NA
"Ages 15-24","Congenital malformations, deformations and chromosomal abnormalities",NA,NA,NA,NA,NA,NA,NA,NA,NA,NA,NA,NA,NA,NA,24,NA,NA,NA,NA,NA,NA
"Ages 15-24","Diabetes mellitus",NA,NA,NA,NA,NA,NA,NA,NA,6,NA,NA,NA,NA,NA,NA,NA,NA,NA,NA,NA,NA
"Ages 15-24","Diseases of heart",NA,NA,NA,NA,NA,NA,NA,NA,NA,65,65,55,42,54,67,65,56,43,41,56,50
"Ages 15-24","Heart disease",53,67,61,71,53,50,50,62,70,NA,NA,NA,NA,NA,NA,NA,NA,NA,NA,NA,NA
"Ages 15-24","HIV infection",20,21,23,29,21,15,15,NA,9,NA,NA,NA,NA,NA,NA,NA,NA,NA,NA,NA,NA
"Ages 15-24","Homicide",474,509,539,560,609,514,553,502,490,387,391,413,359,NA,NA,NA,NA,NA,NA,NA,NA
"Ages 15-24","Infantile cerebral palsy",NA,NA,NA,NA,NA,NA,NA,NA,9,NA,NA,NA,NA,NA,NA,NA,NA,NA,NA,NA,NA
"Ages 15-24","Influenza and pneumonia",NA,NA,NA,NA,NA,NA,NA,NA,NA,NA,NA,NA,NA,13,NA,NA,NA,NA,NA,NA,NA
"Ages 15-24","Injuries undetermined origin whether accidentally or purposely inflicted",21,12,21,28,NA,NA,NA,NA,NA,NA,NA,NA,NA,NA,NA,NA,NA,NA,NA,NA,NA
"Ages 15-24","Injury of undetermined origin",NA,NA,NA,NA,NA,NA,NA,18,20,NA,NA,NA,NA,NA,NA,NA,NA,NA,NA,NA,NA
"Ages 15-24","Intentional self-harm (suicide)",NA,NA,NA,NA,NA,NA,NA,NA,NA,NA,NA,NA,NA,120,152,134,131,162,133,138,142
"Ages 15-24","Malignant neoplasms",89,71,73,79,64,57,64,88,73,82,72,86,65,68,65,66,68,58,65,81,68
"Ages 15-24","Motor vehicle accidents",NA,NA,NA,NA,NA,NA,NA,NA,NA,NA,NA,NA,NA,389,344,379,330,NA,NA,225,226
"Ages 15-24","Muscular dystrophy",NA,NA,12,NA,NA,NA,NA,NA,11,NA,NA,NA,NA,NA,NA,NA,NA,NA,NA,NA,NA
"Ages 15-24","Pneumonia and influenza",14,20,NA,16,18,15,17,NA,17,NA,NA,NA,NA,NA,NA,NA,NA,NA,NA,NA,NA
"Ages 15-24","Septicemia",NA,NA,NA,NA,NA,NA,NA,NA,5,NA,NA,NA,NA,NA,NA,NA,NA,NA,NA,NA,NA
"Ages 15-24","Suicide",192,211,165,167,171,187,135,155,160,140,145,154,155,NA,NA,NA,NA,NA,NA,NA,NA
"Ages 15-24","Undetermined origin",NA,NA,NA,NA,20,NA,17,NA,NA,NA,NA,NA,NA,NA,NA,NA,NA,NA,NA,NA,NA
"Ages 15-24","Unintentional injuries",NA,625,NA,578,626,581,526,NA,NA,NA,NA,NA,NA,NA,NA,NA,NA,NA,NA,NA,NA
"Ages 15-24","Unintentional Injuries",610,NA,NA,NA,NA,NA,NA,NA,NA,NA,NA,NA,NA,NA,NA,NA,NA,NA,NA,NA,NA
"Ages 15-24","Unintentional injuries: all other",147,191,143,175,146,130,126,127,152,187,189,145,164,NA,NA,NA,NA,NA,NA,NA,NA
"Ages 15-24","Unintentional injuries: motor vehicle",463,434,392,403,480,451,400,388,389,363,364,385,400,NA,NA,NA,NA,NA,NA,NA,NA
"Ages 15-24","Unintentional injury",NA,NA,535,NA,NA,NA,NA,515,541,NA,NA,NA,NA,NA,NA,NA,NA,NA,NA,NA,NA
"Ages 25-44","All other accidents",NA,NA,NA,NA,NA,NA,NA,NA,NA,NA,NA,NA,NA,NA,NA,NA,NA,697,764,NA,NA
"Ages 25-44","Motor vehicle accidents",NA,NA,NA,NA,NA,NA,NA,NA,NA,NA,NA,NA,NA,NA,NA,NA,NA,400,357,NA,NA
"Ages 25-44","Accidents",NA,NA,NA,NA,NA,NA,NA,NA,NA,1209,1218,1177,1186,NA,1162,1112,1246,1097,1121,1073,1005
"Ages 25-44","Accidents (unintentional injuries)",NA,NA,NA,NA,NA,NA,NA,NA,NA,NA,NA,NA,NA,1043,NA,NA,NA,NA,NA,NA,NA
"Ages 25-44","Alcohol dependence sndrome",NA,NA,NA,NA,NA,NA,NA,NA,51,61,NA,NA,NA,NA,NA,NA,NA,NA,NA,NA,NA
"Ages 25-44","All other accidents",NA,NA,NA,NA,NA,NA,NA,NA,NA,NA,NA,NA,NA,590,679,670,821,NA,NA,730,705
"Ages 25-44","Anemias",NA,NA,NA,NA,NA,NA,NA,NA,18,NA,NA,NA,NA,NA,NA,NA,NA,NA,NA,NA,NA
"Ages 25-44","Aortic aneurism",NA,NA,NA,NA,NA,NA,NA,NA,26,NA,NA,NA,NA,NA,NA,NA,NA,NA,NA,NA,NA
"Ages 25-44","Assault (homicide)",NA,NA,NA,NA,NA,NA,NA,NA,NA,NA,NA,NA,NA,398,361,NA,366,342,338,335,327
"Ages 25-44","Assualt (homicide)",NA,NA,NA,NA,NA,NA,NA,NA,NA,NA,NA,NA,NA,NA,NA,343,NA,NA,NA,NA,NA
"Ages 25-44","Benign neoplasms",NA,NA,NA,NA,NA,NA,NA,NA,30,NA,NA,NA,NA,NA,NA,NA,NA,NA,NA,NA,NA
"Ages 25-44","Cerebrovascular disease",169,164,173,169,179,168,173,153,148,141,145,123,NA,NA,NA,NA,NA,NA,NA,NA,NA
"Ages 25-44","Cerebrovascular diseases",NA,NA,NA,NA,NA,NA,NA,NA,NA,NA,NA,NA,133,131,109,98,89,95,100,86,100
"Ages 25-44","Chronic liver disease and cirrhosis",342,326,276,268,267,251,266,192,205,172,181,204,139,131,128,139,122,127,136,132,115
"Ages 25-44","Chronic lower resipratory diseases",NA,NA,NA,NA,NA,NA,NA,NA,NA,NA,NA,NA,NA,NA,NA,55,NA,NA,NA,NA,NA
"Ages 25-44","Chronic lower respiratory diseases",NA,NA,NA,NA,NA,NA,NA,NA,NA,89,82,87,87,NA,74,NA,63,47,61,63,64
"Ages 25-44","Chronic obstructive pulmonary diseases and other allied conditions",NA,NA,NA,NA,NA,NA,NA,93,87,NA,NA,NA,NA,NA,NA,NA,NA,NA,NA,NA,NA
"Ages 25-44","Congenital anomalies",NA,NA,NA,NA,NA,NA,NA,NA,29,NA,NA,NA,NA,NA,NA,NA,NA,NA,NA,NA,NA
"Ages 25-44","Congenital malformations",NA,NA,NA,NA,NA,NA,NA,NA,NA,NA,NA,NA,51,NA,NA,NA,NA,NA,NA,NA,NA
"Ages 25-44","Congenital malformations, deformations and chromosomal abnormalities",NA,NA,NA,NA,NA,NA,NA,NA,NA,NA,NA,NA,NA,NA,NA,NA,36,41,24,35,NA
"Ages 25-44","Diabetes melliltus",NA,NA,NA,NA,NA,NA,NA,NA,NA,NA,NA,NA,NA,NA,95,NA,NA,NA,NA,NA,NA
"Ages 25-44","Diabetes mellitus",108,114,98,110,114,115,109,98,112,102,104,98,127,92,NA,89,112,93,82,85,106
"Ages 25-44","Diseases of heart",NA,NA,NA,NA,NA,NA,NA,NA,NA,853,822,808,811,806,773,791,677,689,644,618,611
"Ages 25-44","Epilepsy",NA,NA,NA,NA,NA,NA,NA,NA,22,NA,NA,NA,NA,NA,NA,NA,NA,NA,NA,NA,NA
"Ages 25-44","Heart disease",763,866,792,851,987,859,850,846,882,NA,NA,NA,NA,NA,NA,NA,NA,NA,NA,NA,NA
"Ages 25-44","HIV disease",NA,NA,NA,NA,NA,NA,NA,NA,NA,319,287,292,266,NA,NA,NA,NA,NA,NA,NA,NA
"Ages 25-44","HIV infection",621,798,898,1047,823,1072,836,378,317,NA,NA,NA,NA,NA,NA,NA,NA,NA,NA,NA,NA
"Ages 25-44","Homicide",586,630,602,576,599,529,487,469,420,426,397,423,433,NA,NA,NA,NA,NA,NA,NA,NA
"Ages 25-44","Human immunodeficiency virus (HIV) disease",NA,NA,NA,NA,NA,NA,NA,NA,NA,NA,NA,NA,NA,223,NA,NA,157,118,115,83,99
"Ages 25-44","Human immunodeficiency virus disease",NA,NA,NA,NA,NA,NA,NA,NA,NA,NA,NA,NA,NA,NA,211,NA,NA,NA,NA,NA,NA
"Ages 25-44","Human immunodificiency virus (HIV) disease",NA,NA,NA,NA,NA,NA,NA,NA,NA,NA,NA,NA,NA,NA,NA,194,NA,NA,NA,NA,NA
"Ages 25-44","Influenza and pneumonia",NA,NA,NA,NA,NA,NA,NA,NA,NA,85,81,57,58,69,66,57,59,60,59,72,48
"Ages 25-44","Injury of undetermined origin",NA,NA,NA,NA,NA,NA,NA,NA,41,NA,NA,NA,NA,NA,NA,NA,NA,NA,NA,NA,NA
"Ages 25-44","Intentional self-harm (suicide)",NA,NA,NA,NA,NA,NA,NA,NA,NA,NA,NA,NA,NA,403,367,400,370,383,411,400,385
"Ages 25-44","Malignant neoplasms",1001,1009,1012,1054,1097,1010,943,1032,976,874,893,841,873,797,801,785,739,693,663,661,628
"Ages 25-44","Motor vehicle accidents",NA,NA,NA,NA,NA,NA,NA,NA,NA,NA,NA,NA,NA,453,483,442,425,NA,NA,343,300
"Ages 25-44","Nephritis",NA,NA,NA,NA,NA,NA,NA,51,35,62,52,58,62,62,NA,NA,NA,NA,NA,NA,NA
"Ages 25-44","Nephritis, nephrotic syndrome and nephrosis",NA,NA,NA,NA,NA,NA,NA,NA,NA,NA,NA,NA,NA,NA,57,51,47,43,42,53,43
"Ages 25-44","Pneumonia and influenza",118,133,140,136,117,127,110,89,90,NA,NA,NA,NA,NA,NA,NA,NA,NA,NA,NA,NA
"Ages 25-44","Septicemia",NA,NA,NA,NA,NA,NA,NA,63,46,65,80,79,67,67,64,54,64,70,71,78,43
"Ages 25-44","Suicide",478,447,458,464,434,442,458,395,435,418,393,433,435,NA,NA,NA,NA,NA,NA,NA,NA
"Ages 25-44","Unintentional injuries",1205,1182,1133,1250,1292,1253,1111,NA,NA,NA,NA,NA,NA,NA,NA,NA,NA,NA,NA,NA,NA
"Ages 25-44","Unintentional injuries: all other",595,603,602,715,731,673,584,642,720,704,713,690,687,NA,NA,NA,NA,NA,NA,NA,NA
"Ages 25-44","Unintentional injuries: motor vehicle",610,579,531,535,561,580,527,520,474,505,505,487,499,NA,NA,NA,NA,NA,NA,NA,NA
"Ages 25-44","Unintentional injury",NA,NA,NA,NA,NA,NA,NA,1162,1194,NA,NA,NA,NA,NA,NA,NA,NA,NA,NA,NA,NA
"Ages 45-64","All other accidents",NA,NA,NA,NA,NA,NA,NA,NA,NA,NA,NA,NA,NA,NA,NA,NA,NA,757,757,NA,NA
"Ages 45-64","Motor vehicle accidents",NA,NA,NA,NA,NA,NA,NA,NA,NA,NA,NA,NA,NA,NA,NA,NA,NA,318,272,NA,NA
"Ages 45-64","Accidents",NA,NA,NA,NA,NA,NA,NA,NA,NA,804,785,872,925,NA,988,975,1146,1075,1029,1046,1008
"Ages 45-64","Accidents (unintentional injuries)",NA,NA,NA,NA,NA,NA,NA,NA,NA,NA,NA,NA,NA,838,NA,NA,NA,NA,NA,NA,NA
"Ages 45-64","Alcohol dependence syndrome",NA,NA,NA,NA,NA,NA,NA,NA,86,95,NA,NA,NA,NA,NA,NA,NA,NA,NA,NA,NA
"Ages 45-64","All other accidents",NA,NA,NA,NA,NA,NA,NA,NA,NA,NA,NA,NA,NA,533,642,668,789,NA,NA,796,726
"Ages 45-64","Aortic aneurism",NA,NA,NA,NA,NA,NA,NA,NA,87,NA,NA,NA,NA,NA,NA,NA,NA,NA,NA,NA,NA
"Ages 45-64","Aortic aneurism and dissection",NA,NA,NA,NA,NA,NA,NA,NA,NA,81,90,93,NA,NA,NA,NA,NA,NA,NA,NA,NA
"Ages 45-64","Assault (homicide)",NA,NA,NA,NA,NA,NA,NA,NA,NA,NA,NA,NA,NA,NA,NA,NA,108,NA,106,109,93
"Ages 45-64","Benign neoplasms",NA,NA,NA,NA,NA,NA,NA,NA,54,NA,NA,NA,NA,NA,NA,NA,NA,NA,NA,NA,NA
"Ages 45-64","Cerebrovascular disease",690,694,687,689,765,659,695,710,712,687,706,654,NA,NA,NA,NA,NA,NA,NA,NA,NA
"Ages 45-64","Cerebrovascular diseases",NA,NA,NA,NA,NA,NA,NA,NA,NA,NA,NA,NA,666,677,672,609,650,674,692,622,618
"Ages 45-64","Chronic liver disease and cirrhosis",555,547,496,450,469,449,423,454,467,464,452,459,509,476,526,507,559,527,614,606,591
"Ages 45-64","Chronic lower resipratory diseases",NA,NA,NA,NA,NA,NA,NA,NA,NA,NA,NA,NA,NA,NA,NA,618,NA,NA,NA,NA,NA
"Ages 45-64","Chronic lower respiratory diseases",NA,NA,NA,NA,NA,NA,NA,NA,NA,593,501,576,561,564,535,NA,603,585,654,666,680
"Ages 45-64","Chronic obstructive pulmonary disease",NA,NA,NA,NA,NA,NA,NA,494,518,NA,NA,NA,NA,NA,NA,NA,NA,NA,NA,NA,NA
"Ages 45-64","Chronic obstructive pulmonary disease and allied diseases",542,NA,NA,NA,NA,NA,NA,NA,NA,NA,NA,NA,NA,NA,NA,NA,NA,NA,NA,NA,NA
"Ages 45-64","Chronic obstructive pulmonary disease and other allied conditions",NA,NA,487,NA,NA,NA,NA,NA,NA,NA,NA,NA,NA,NA,NA,NA,NA,NA,NA,NA,NA
"Ages 45-64","Chronic obstructive pulmonary diseases and other allied conditions",NA,552,NA,592,548,567,546,NA,NA,NA,NA,NA,NA,NA,NA,NA,NA,NA,NA,NA,NA
"Ages 45-64","Congenital anomalies",NA,NA,NA,NA,NA,NA,NA,NA,23,NA,NA,NA,NA,NA,NA,NA,NA,NA,NA,NA,NA
"Ages 45-64","Diabetes melliltus",NA,NA,NA,NA,NA,NA,NA,NA,NA,NA,NA,NA,NA,586,651,NA,NA,NA,NA,NA,NA
"Ages 45-64","Diabetes mellitus",453,470,459,497,545,523,519,523,505,574,565,583,577,NA,NA,669,624,652,630,667,628
"Ages 45-64","Diseases of heart",NA,NA,NA,NA,NA,NA,NA,NA,NA,4696,4483,4545,4634,4571,4454,4597,4455,4449,4566,4537,4507
"Ages 45-64","Essential hypertension and hypertensive renal disease",NA,NA,NA,NA,NA,NA,NA,NA,NA,NA,NA,NA,NA,NA,NA,NA,123,NA,124,125,96
"Ages 45-64","Heart disease",5214,5179,5016,5075,5059,5027,4878,4649,4553,NA,NA,NA,NA,NA,NA,NA,NA,NA,NA,NA,NA
"Ages 45-64","HIV disease",NA,NA,NA,NA,NA,NA,NA,NA,NA,209,163,194,196,NA,NA,NA,NA,NA,NA,NA,NA
"Ages 45-64","HIV infection",180,202,260,326,317,364,313,163,171,NA,NA,NA,NA,NA,NA,NA,NA,NA,NA,NA,NA
"Ages 45-64","Homicide",NA,NA,NA,NA,NA,NA,NA,115,96,90,113,121,119,NA,NA,NA,NA,NA,NA,NA,NA
"Ages 45-64","Human immunodeficiency virus (HIV) disease",NA,NA,NA,NA,NA,NA,NA,NA,NA,NA,NA,NA,NA,194,NA,NA,199,162,190,145,171
"Ages 45-64","Human immunodeficiency virus disease",NA,NA,NA,NA,NA,NA,NA,NA,NA,NA,NA,NA,NA,NA,180,NA,NA,NA,NA,NA,NA
"Ages 45-64","Human immunodificiency virus (HIV) disease",NA,NA,NA,NA,NA,NA,NA,NA,NA,NA,NA,NA,NA,NA,NA,186,NA,NA,NA,NA,NA
"Ages 45-64","Hypertension with or without renal disease",NA,NA,NA,NA,NA,NA,NA,NA,76,NA,NA,NA,NA,NA,NA,NA,NA,NA,NA,NA,NA
"Ages 45-64","In situ neoplasms",NA,NA,NA,NA,NA,NA,NA,NA,NA,83,92,NA,NA,NA,NA,NA,NA,NA,NA,NA,NA
"Ages 45-64","In situ neoplasms, benign neoplasms and neoplasms of uncertain or unknown behavior",NA,NA,NA,NA,NA,NA,NA,NA,NA,NA,NA,NA,NA,NA,NA,NA,NA,107,NA,107,NA
"Ages 45-64","Influenza and pneumonia",NA,NA,NA,NA,NA,NA,NA,NA,NA,247,195,200,222,217,231,256,238,247,259,285,229
"Ages 45-64","Injury of undetermined origin",NA,NA,NA,NA,NA,NA,NA,NA,29,NA,NA,NA,NA,NA,NA,NA,NA,NA,NA,NA,NA
"Ages 45-64","Intentional self-harm (suicide)",NA,NA,NA,NA,NA,NA,NA,NA,NA,NA,NA,NA,NA,328,355,366,365,384,449,432,463
"Ages 45-64","Malignant neoplasms",6720,6384,6352,6405,6314,6051,6112,6043,6129,6075,6252,6239,6315,6144,6362,6337,6460,6461,6601,6621,6590
"Ages 45-64","Motor vehicle accidents",NA,NA,NA,NA,NA,NA,NA,NA,NA,NA,NA,NA,NA,305,346,307,357,NA,NA,250,282
"Ages 45-64","Nephritis",NA,NA,NA,NA,NA,NA,NA,188,198,235,272,281,303,296,NA,NA,NA,NA,NA,NA,NA
"Ages 45-64","Nephritis, nephrotic syndrome and nephrosis",NA,NA,NA,NA,NA,NA,NA,NA,NA,NA,NA,NA,NA,NA,295,315,325,350,353,347,351
"Ages 45-64","Pneumonia and influenza",305,NA,266,252,305,275,NA,283,284,NA,NA,NA,NA,NA,NA,NA,NA,NA,NA,NA,NA
"Ages 45-64","Pneumonia and Influenza",NA,295,NA,NA,NA,NA,319,NA,NA,NA,NA,NA,NA,NA,NA,NA,NA,NA,NA,NA,NA
"Ages 45-64","Primary hypertension and hypertensive renal disease",NA,NA,NA,NA,NA,NA,NA,NA,NA,93,101,107,112,NA,NA,NA,NA,NA,NA,NA,NA
"Ages 45-64","Septicemia",NA,NA,NA,NA,NA,NA,NA,193,216,263,280,306,358,355,342,316,384,402,395,362,329
"Ages 45-64","Suicide",249,267,256,277,234,261,289,244,260,274,274,325,364,NA,NA,NA,NA,NA,NA,NA,NA
"Ages 45-64","Ulcer of stomach and duodenum",NA,NA,NA,NA,NA,NA,NA,NA,28,NA,NA,NA,NA,NA,NA,NA,NA,NA,NA,NA,NA
"Ages 45-64","Unintentional injuries",703,563,584,609,647,688,719,NA,NA,NA,NA,NA,NA,NA,NA,NA,NA,NA,NA,NA,NA
"Ages 45-64","Unintentional injuries: all other",385,303,327,351,369,418,387,374,428,526,480,535,615,NA,NA,NA,NA,NA,NA,NA,NA
"Ages 45-64","Unintentional injuries: motor vehicle",318,260,257,258,278,270,332,297,298,278,305,337,310,NA,NA,NA,NA,NA,NA,NA,NA
"Ages 45-64","Unintentional injury",NA,NA,NA,NA,NA,NA,NA,671,726,NA,NA,NA,NA,NA,NA,NA,NA,NA,NA,NA,NA
"Ages 45-64","Viral hepatitis",NA,NA,NA,NA,NA,NA,NA,NA,47,NA,NA,NA,NA,NA,NA,NA,NA,106,104,NA,95
"Ages 5-14","All other accidents",NA,NA,NA,NA,NA,NA,NA,NA,NA,NA,NA,NA,NA,NA,NA,NA,NA,44,28,NA,NA
"Ages 5-14","Motor vehicle accidents",NA,NA,NA,NA,NA,NA,NA,NA,NA,NA,NA,NA,NA,NA,NA,NA,NA,49,36,NA,NA
"Ages 5-14","Accidents",NA,NA,NA,NA,NA,NA,NA,NA,NA,89,99,104,104,NA,75,NA,69,93,64,36,57
"Ages 5-14","Accidents (unintentional injuries)",NA,NA,NA,NA,NA,NA,NA,NA,NA,NA,NA,NA,NA,88,NA,NA,NA,NA,NA,NA,NA
"Ages 5-14","All other accidents",NA,NA,NA,NA,NA,NA,NA,NA,NA,NA,NA,NA,NA,40,34,23,35,NA,NA,16,31
"Ages 5-14","Anemia",NA,NA,NA,NA,NA,NA,6,NA,NA,NA,NA,NA,NA,NA,NA,NA,NA,NA,NA,NA,NA
"Ages 5-14","Anemias",NA,NA,NA,6,NA,NA,NA,NA,NA,NA,NA,NA,NA,NA,NA,NA,NA,NA,NA,NA,NA
"Ages 5-14","Assault (homicide)",NA,NA,NA,NA,NA,NA,NA,NA,NA,NA,NA,NA,NA,20,8,NA,22,29,19,21,15
"Ages 5-14","Assualt (homicide)",NA,NA,NA,NA,NA,NA,NA,NA,NA,NA,NA,NA,NA,NA,NA,18,NA,NA,NA,NA,NA
"Ages 5-14","Benign neoplasms",7,NA,7,NA,NA,10,NA,NA,5,NA,NA,NA,NA,NA,NA,NA,NA,NA,NA,NA,NA
"Ages 5-14","Cerebrovascular",NA,NA,NA,6,NA,NA,NA,NA,NA,NA,NA,NA,NA,NA,NA,NA,NA,NA,NA,NA,NA
"Ages 5-14","Cerebrovascular disease",NA,8,NA,NA,NA,NA,5,NA,NA,NA,NA,NA,NA,NA,NA,NA,NA,NA,NA,NA,NA
"Ages 5-14","Chronic lower respiratory diseases",NA,NA,NA,NA,NA,NA,NA,NA,NA,NA,17,NA,13,NA,NA,NA,NA,NA,NA,NA,10
"Ages 5-14","Chronic obstructive pulmonary diseases and allied conditions",7,NA,NA,NA,NA,NA,NA,NA,NA,NA,NA,NA,NA,NA,NA,NA,NA,NA,NA,NA,NA
"Ages 5-14","Chronic obstructive pulmonary diseases and otehr allied conditions",NA,NA,NA,NA,NA,NA,6,NA,NA,NA,NA,NA,NA,NA,NA,NA,NA,NA,NA,NA,NA
"Ages 5-14","Chronic obstructive pulmonary diseases and other allied conditions",NA,7,11,14,11,NA,NA,NA,17,NA,NA,NA,NA,NA,NA,NA,NA,NA,NA,NA,NA
"Ages 5-14","Chronic obstructivepulmonary diseases and other allied conditions",NA,NA,NA,NA,NA,6,NA,NA,NA,NA,NA,NA,NA,NA,NA,NA,NA,NA,NA,NA,NA
"Ages 5-14","Congenital anomalies",22,18,19,19,18,17,25,16,19,NA,NA,NA,NA,NA,NA,NA,NA,NA,NA,NA,NA
"Ages 5-14","Congenital malformations",NA,NA,NA,NA,NA,NA,NA,NA,NA,20,16,17,16,9,NA,NA,NA,NA,NA,NA,NA
"Ages 5-14","Congenital malformations, deformations and chromosomal abnormalities",NA,NA,NA,NA,NA,NA,NA,NA,NA,NA,NA,NA,NA,NA,9,NA,17,18,11,23,12
"Ages 5-14","Congenital malformations, deformations, and chromosomal abnormalities",NA,NA,NA,NA,NA,NA,NA,NA,NA,NA,NA,NA,NA,NA,NA,13,NA,NA,NA,NA,NA
"Ages 5-14","Diseases of heart",NA,NA,NA,NA,NA,NA,NA,NA,NA,NA,NA,15,12,10,14,12,NA,NA,14,10,13
"Ages 5-14","Heart disease",13,23,11,16,20,18,13,15,15,NA,NA,NA,NA,NA,NA,NA,NA,NA,NA,NA,NA
"Ages 5-14","HIV infection",NA,4,NA,NA,7,NA,NA,NA,NA,NA,NA,NA,NA,NA,NA,NA,NA,NA,NA,NA,NA
"Ages 5-14","Homicide",36,39,44,47,52,49,32,28,33,28,17,17,18,NA,NA,NA,NA,NA,NA,NA,NA
"Ages 5-14","Infantile cerebral palsy",9,16,15,11,13,12,13,NA,10,NA,NA,NA,NA,NA,NA,NA,NA,NA,NA,NA,NA
"Ages 5-14","Influenza and pneumonia",NA,NA,NA,NA,NA,NA,NA,NA,NA,NA,NA,NA,NA,7,NA,NA,NA,NA,NA,10,NA
"Ages 5-14","Intentional self-harm (suicide)",NA,NA,NA,NA,NA,NA,NA,NA,NA,NA,NA,NA,NA,8,7,NA,NA,NA,10,11,NA
"Ages 5-14","Malignant neoplasms",37,54,63,52,35,44,42,35,38,44,37,43,38,38,59,33,38,31,30,42,42
"Ages 5-14","Motor vehicle accidents",NA,NA,NA,NA,NA,NA,NA,NA,NA,NA,NA,NA,NA,48,41,43,34,NA,NA,20,26
"Ages 5-14","Muscular dystrophy",NA,NA,NA,NA,NA,7,NA,NA,NA,NA,NA,NA,NA,NA,NA,NA,NA,NA,NA,NA,NA
"Ages 5-14","Pneumonia and influenza",NA,NA,6,7,5,NA,5,NA,8,NA,NA,NA,NA,NA,NA,NA,NA,NA,NA,NA,NA
"Ages 5-14","Septicemia",NA,NA,NA,NA,NA,NA,NA,NA,5,NA,NA,NA,NA,NA,NA,NA,NA,NA,NA,NA,NA
"Ages 5-14","Suicide",NA,13,13,12,6,9,8,NA,8,NA,NA,17,13,NA,NA,NA,NA,NA,NA,NA,NA
"Ages 5-14","Undetermined origins",NA,NA,NA,NA,NA,6,NA,NA,NA,NA,NA,NA,NA,NA,NA,NA,NA,NA,NA,NA,NA
"Ages 5-14","Unintentional injuries",NA,156,118,137,172,150,135,129,114,NA,NA,NA,NA,NA,NA,NA,NA,NA,NA,NA,NA
"Ages 5-14","Unintentional Injuries",149,NA,NA,NA,NA,NA,NA,NA,NA,NA,NA,NA,NA,NA,NA,NA,NA,NA,NA,NA,NA
"Ages 5-14","Unintentional injuries: all other",71,83,60,70,77,63,55,63,53,47,53,48,45,NA,NA,NA,NA,NA,NA,NA,NA
"Ages 5-14","Unintentional injuries: motor vehicle",78,73,58,67,95,87,80,66,61,42,46,56,59,NA,NA,NA,NA,NA,NA,NA,NA
"Ages 65-84","Accidents",NA,NA,NA,NA,NA,NA,NA,NA,NA,NA,NA,NA,NA,NA,NA,NA,NA,NA,NA,NA,760
"Ages 65-84","All other accidents",NA,NA,NA,NA,NA,NA,NA,NA,NA,NA,NA,NA,NA,NA,NA,NA,NA,NA,NA,NA,626
"Ages 65-84","Alzheimer's disease",NA,NA,NA,NA,NA,NA,NA,NA,NA,NA,NA,NA,NA,NA,NA,NA,NA,NA,NA,NA,883
"Ages 65-84","Aortic aneurysm and dissection",NA,NA,NA,NA,NA,NA,NA,NA,NA,NA,NA,NA,NA,NA,NA,NA,NA,NA,NA,NA,216
"Ages 65-84","Cerebrovascular diseases",NA,NA,NA,NA,NA,NA,NA,NA,NA,NA,NA,NA,NA,NA,NA,NA,NA,NA,NA,NA,2217
"Ages 65-84","Chronic liver disease and cirrhosis",NA,NA,NA,NA,NA,NA,NA,NA,NA,NA,NA,NA,NA,NA,NA,NA,NA,NA,NA,NA,356
"Ages 65-84","Chronic lower respiratory diseases",NA,NA,NA,NA,NA,NA,NA,NA,NA,NA,NA,NA,NA,NA,NA,NA,NA,NA,NA,NA,2971
"Ages 65-84","Diabetes mellitus",NA,NA,NA,NA,NA,NA,NA,NA,NA,NA,NA,NA,NA,NA,NA,NA,NA,NA,NA,NA,1139
"Ages 65-84","Diseases of heart",NA,NA,NA,NA,NA,NA,NA,NA,NA,NA,NA,NA,NA,NA,NA,NA,NA,NA,NA,NA,9818
"Ages 65-84","Enterocolitis due to Clostridium difficile",NA,NA,NA,NA,NA,NA,NA,NA,NA,NA,NA,NA,NA,NA,NA,NA,NA,NA,NA,NA,161
"Ages 65-84","Essential hypertension and hypertensive renal disease",NA,NA,NA,NA,NA,NA,NA,NA,NA,NA,NA,NA,NA,NA,NA,NA,NA,NA,NA,NA,318
"Ages 65-84","In situ neoplasms, benign neoplasms and neoplasms of uncertain or unknown behavior",NA,NA,NA,NA,NA,NA,NA,NA,NA,NA,NA,NA,NA,NA,NA,NA,NA,NA,NA,NA,322
"Ages 65-84","Influenza and pneumonia",NA,NA,NA,NA,NA,NA,NA,NA,NA,NA,NA,NA,NA,NA,NA,NA,NA,NA,NA,NA,839
"Ages 65-84","Intentional self-harm (suicide)",NA,NA,NA,NA,NA,NA,NA,NA,NA,NA,NA,NA,NA,NA,NA,NA,NA,NA,NA,NA,140
"Ages 65-84","Malignant neoplasms",NA,NA,NA,NA,NA,NA,NA,NA,NA,NA,NA,NA,NA,NA,NA,NA,NA,NA,NA,NA,12504
"Ages 65-84","Motor vehicle accidents",NA,NA,NA,NA,NA,NA,NA,NA,NA,NA,NA,NA,NA,NA,NA,NA,NA,NA,NA,NA,134
"Ages 65-84","Nephritis, nephrotic syndrome and nephrosis",NA,NA,NA,NA,NA,NA,NA,NA,NA,NA,NA,NA,NA,NA,NA,NA,NA,NA,NA,NA,1233
"Ages 65-84","Parkinsons's disease",NA,NA,NA,NA,NA,NA,NA,NA,NA,NA,NA,NA,NA,NA,NA,NA,NA,NA,NA,NA,490
"Ages 65-84","Pneumonitis due to solids and liquids",NA,NA,NA,NA,NA,NA,NA,NA,NA,NA,NA,NA,NA,NA,NA,NA,NA,NA,NA,NA,293
"Ages 65-84","Septicemia",NA,NA,NA,NA,NA,NA,NA,NA,NA,NA,NA,NA,NA,NA,NA,NA,NA,NA,NA,NA,887
