YEAR,AGE_GROUP,LEADING_CAUSES_OF_DEATH,FATALITIES
1990,All Ages,All Causes,102697
1990,All Ages,Heart disease,35158
1990,All Ages,Malignant neoplasms,24443
1990,All Ages,Cerebrovascular disease,6737
1990,All Ages,Pneumonia and influenza,3957
1990,All Ages,Unintentional injuries,3873
1990,All Ages,Unintentional injuries: motor vehicle,1807
1990,All Ages,Unintentional injuries: all other,2066
1990,All Ages,Chronic obstructive pulmonary disease and other allied diseases,3814
1990,All Ages,Diabetes mellitus,2247
1990,All Ages,Congenital anomalies and perinatal conditions,1660
1990,All Ages,Cirrhosis of liver,1376
1990,All Ages,Homicide,1335
1990,All Ages,Nephritis,1186
1990,All Ages,Suicide,1148
1990,Ages 1-4,All Causes,315
1990,Ages 1-4,Unintentional injuries,115
1990,Ages 1-4,Unintentional injury: motor vehicle,26
1990,Ages 1-4,Unintentional injuries: all other,89
1990,Ages 1-4,Congenital anomalies,38
1990,Ages 1-4,Malignant neoplasms,24
1990,Ages 1-4,Homicide,23
1990,Ages 1-4,Heart disease,10
1990,Ages 1-4,Pneumonia and influenza,9
1990,Ages 1-4,Meningitis,6
1990,Ages 1-4,Certain conditions originating in the perinatal period,5
1990,Ages 1-4,Infantile cerebral palsy,5
1990,Ages 1-4,Anemia,5
1990,Ages 5-14,All Causes,350
1990,Ages 5-14,Unintentional Injuries,149
1990,Ages 5-14,Unintentional injuries: motor vehicle,78
1990,Ages 5-14,Unintentional injuries: all other,71
1990,Ages 5-14,Malignant neoplasms,37
1990,Ages 5-14,Homicide,36
1990,Ages 5-14,Congenital anomalies,22
1990,Ages 5-14,Heart disease,13
1990,Ages 5-14,Infantile cerebral palsy,9
1990,Ages 5-14,Chronic obstructive pulmonary diseases and allied conditions,7
1990,Ages 5-14,Benign neoplasms,7
1990,Ages 15-24,All Causes,1651
1990,Ages 15-24,Unintentional Injuries,610
1990,Ages 15-24,Unintentional injuries: motor vehicle,463
1990,Ages 15-24,Unintentional injuries: all other,147
1990,Ages 15-24,Homicide,474
1990,Ages 15-24,Suicide,192
1990,Ages 15-24,Malignant neoplasms,89
1990,Ages 15-24,Heart disease,53
1990,Ages 15-24,Injuries undetermined origin whether accidentally or purposely inflicted,21
1990,Ages 15-24,HIV infection,20
1990,Ages 15-24,Congenital anomalies,20
1990,Ages 15-24,Chronic obstructive pulmonary diseases and allied diseases,15
1990,Ages 15-24,Pneumonia and influenza,14
1990,Ages 25-44,All Causes,6453
1990,Ages 25-44,Unintentional injuries,1205
1990,Ages 25-44,Unintentional injuries: motor vehicle,610
1990,Ages 25-44,Unintentional injuries: all other,595
1990,Ages 25-44,Malignant neoplasms,1001
1990,Ages 25-44,Heart disease,763
1990,Ages 25-44,HIV infection,621
1990,Ages 25-44,Homicide,586
1990,Ages 25-44,Suicide,478
1990,Ages 25-44,Chronic liver disease and cirrhosis,342
1990,Ages 25-44,Cerebrovascular disease,169
1990,Ages 25-44,Pneumonia and influenza,118
1990,Ages 25-44,Diabetes mellitus,108
1990,Ages 45-64,All Causes,17860
1990,Ages 45-64,Malignant neoplasms,6720
1990,Ages 45-64,Heart disease,5214
1990,Ages 45-64,Unintentional injuries,703
1990,Ages 45-64,Unintentional injuries: motor vehicle,318
1990,Ages 45-64,Unintentional injuries: all other,385
1990,Ages 45-64,Cerebrovascular disease,690
1990,Ages 45-64,Chronic liver disease and cirrhosis,555
1990,Ages 45-64,Chronic obstructive pulmonary disease and allied diseases,542
1990,Ages 45-64,Diabetes mellitus,453
1990,Ages 45-64,Pneumonia and influenza,305
1990,Ages 45-64,Suicide,249
1990,Ages 45-64,HIV infection,180
1990,Age 65 and Older,All Causes,73978
1990,Age 65 and Older,Heart disease,29078
1990,Age 65 and Older,Malignant neoplasms,16568
1990,Age 65 and Older,Cerebrovascular disease,5859
1990,Age 65 and Older,Pneumonia and influenza,3468
1990,Age 65 and Older,Chronic obstructive pulmonary diseases and other allied conditions,3188
1990,Age 65 and Older,Diabetes mellitus,1679
1990,Age 65 and Older,Unintentional injuries,1040
1990,Age 65 and Older,Unintentional injuries: motor vehicle,306
1990,Age 65 and Older,Unintentional injuries: all other,734
1990,Age 65 and Older,Nephritis,962
1990,Age 65 and Older,Septicemia,841
1990,Age 65 and Older,General arteriosclerosis,737
1991,All Ages,All Causes,103871
1991,All Ages,Heart disease,35561
1991,All Ages,Malignant neoplasms,24388
1991,All Ages,Cerebrovascular disease,6881
1991,All Ages,Chronic obstructive pulmonary diseases and other allied conditions,3926
1991,All Ages,Pneumonia and influenza,3924
1991,All Ages,Unintentional injuries,3732
1991,All Ages,Unintentional injuries: motor vehicle,1658
1991,All Ages,Unintentional injuries: all other,2074
1991,All Ages,Diabetes mellitus,2309
1991,All Ages,Homicide,1447
1991,All Ages,Nephritis,1348
1991,All Ages,Cirrhosis of liver,1345
1991,All Ages,Suicide,1178
1991,All Ages,Septicemia,1091
1991,Ages 1-4,All Causes,383
1991,Ages 1-4,Unintentional injuries,148
1991,Ages 1-4,Unintentional injuries: motor vehicle,33
1991,Ages 1-4,Unintentional injuries: all other,115
1991,Ages 1-4,Congenital anomalies,46
1991,Ages 1-4,Malignant neoplasms,26
1991,Ages 1-4,Homicide,22
1991,Ages 1-4,Heart disease,22
1991,Ages 1-4,Pneumonia and influenza,18
1991,Ages 1-4,Certain conditions originating in the perinatal period,7
1991,Ages 1-4,Infantile cerebral palsy,7
1991,Ages 1-4,Chronic obstructive pulmonary diseases and allied conditions,6
1991,Ages 1-4,Meningitis,6
1991,Ages 5-14,All Causes,408
1991,Ages 5-14,Unintentional injuries,156
1991,Ages 5-14,Unintentional injuries: motor vehicle,73
1991,Ages 5-14,Unintentional injuries: all other,83
1991,Ages 5-14,Malignant neoplasms,54
1991,Ages 5-14,Homicide,39
1991,Ages 5-14,Heart disease,23
1991,Ages 5-14,Congenital anomalies,18
1991,Ages 5-14,Infantile cerebral palsy,16
1991,Ages 5-14,Suicide,13
1991,Ages 5-14,Cerebrovascular disease,8
1991,Ages 5-14,Chronic obstructive pulmonary diseases and other allied conditions,7
1991,Ages 5-14,HIV infection,4
1991,Ages 15-24,All Causes,1748
1991,Ages 15-24,Unintentional injuries,625
1991,Ages 15-24,Unintentional injuries: motor vehicle,434
1991,Ages 15-24,Unintentional injuries: all other,191
1991,Ages 15-24,Homicide,509
1991,Ages 15-24,Suicide,211
1991,Ages 15-24,Malignant neoplasms,71
1991,Ages 15-24,Heart disease,67
1991,Ages 15-24,Congenital anomalies,25
1991,Ages 15-24,HIV infection,21
1991,Ages 15-24,Pneumonia and influenza,20
1991,Ages 15-24,Chronic obstructive pulmonary diseases and other allied conditions,16
1991,Ages 15-24,Injuries undetermined origin whether accidentally or purposely inflicted,12
1991,Ages 15-24,Cerebrovascular disease,12
1991,Ages 25-44,All Causes,6735
1991,Ages 25-44,Unintentional injuries,1182
1991,Ages 25-44,Unintentional injuries: motor vehicle,579
1991,Ages 25-44,Unintentional injuries: all other,603
1991,Ages 25-44,Malignant neoplasms,1009
1991,Ages 25-44,Heart disease,866
1991,Ages 25-44,HIV infection,798
1991,Ages 25-44,Homicide,630
1991,Ages 25-44,Suicide,447
1991,Ages 25-44,Chronic liver disease and cirrhosis,326
1991,Ages 25-44,Cerebrovascular disease,164
1991,Ages 25-44,Pneumonia and influenza,133
1991,Ages 25-44,Diabetes mellitus,114
1991,Ages 45-64,All Causes,17462
1991,Ages 45-64,Malignant neoplasms,6384
1991,Ages 45-64,Heart disease,5179
1991,Ages 45-64,Cerebrovascular disease,694
1991,Ages 45-64,Unintentional injuries,563
1991,Ages 45-64,Unintentional injuries: motor vehicle,260
1991,Ages 45-64,Unintentional injuries: all other,303
1991,Ages 45-64,Chronic obstructive pulmonary diseases and other allied conditions,552
1991,Ages 45-64,Chronic liver disease and cirrhosis,547
1991,Ages 45-64,Diabetes mellitus,470
1991,Ages 45-64,Pneumonia and Influenza,295
1991,Ages 45-64,Suicide,267
1991,Ages 45-64,HIV infection,202
1991,Age 65 and Older,All Causes,75067
1991,Age 65 and Older,Heart disease,29375
1991,Age 65 and Older,Malignant neoplasms,16842
1991,Age 65 and Older,Cerebrovascular disease,5995
1991,Age 65 and Older,Pneumonia and influenza,3427
1991,Age 65 and Older,Chronic obstructive pulmonary disease,3267
1991,Age 65 and Older,Diabetes mellitus,1713
1991,Age 65 and Older,Nephritis,1142
1991,Age 65 and Older,Unintentional injuries,1003
1991,Age 65 and Older,Unintentional injuries: motor vehicle,273
1991,Age 65 and Older,Unintentional injuries: all other,730
1991,Age 65 and Older,Septicemia,881
1991,Age 65 and Older,Alzheimer's disease,697
1992,All Ages,All Causes,101861
1992,All Ages,Heart disease,34293
1992,All Ages,Malignant neoplasms,24616
1992,All Ages,Cerebrovascular disease,6886
1992,All Ages,Chronic obstructive pulmonary diseases and allied conditions,3850
1992,All Ages,Pneumonia and influenza,3596
1992,All Ages,Unintentional injuries,3400
1992,All Ages,Unintentional injuries: motor vehicle,1520
1992,All Ages,Unintentional injuries: all other,1880
1992,All Ages,Diabetes mellitus,2366
1992,All Ages,Homicide,1435
1992,All Ages,Nephritis,1390
1992,All Ages,Cirrhosis of liver,1256
1992,All Ages,HIV infection,1212
1992,All Ages,Suicide,1126
1992,Ages 1-4,All Causes,311
1992,Ages 1-4,Unintentional injuries,103
1992,Ages 1-4,Unintentional injuries: motor vehicle,24
1992,Ages 1-4,Unintentional injuries: all other,79
1992,Ages 1-4,Congenital anomalies,44
1992,Ages 1-4,Homicide,29
1992,Ages 1-4,Malignant neoplasms,22
1992,Ages 1-4,Heart disease,17
1992,Ages 1-4,Pneumonia and influenza,12
1992,Ages 1-4,Certain conditions originating in the perinatal period,4
1992,Ages 1-4,Benign neoplasms,4
1992,Ages 1-4,Infantile cerebral palsy,3
1992,Ages 1-4,Chronic obstructive pulmonary diseases and allied conditions,3
1992,Ages 5-14,All Causes,372
1992,Ages 5-14,Unintentional injuries,118
1992,Ages 5-14,Unintentional injuries: motor vehicle,58
1992,Ages 5-14,Unintentional injuries: all other,60
1992,Ages 5-14,Malignant neoplasms,63
1992,Ages 5-14,Homicide,44
1992,Ages 5-14,Congenital anomalies,19
1992,Ages 5-14,Infantile cerebral palsy,15
1992,Ages 5-14,Suicide,13
1992,Ages 5-14,Heart disease,11
1992,Ages 5-14,Chronic obstructive pulmonary diseases and other allied conditions,11
1992,Ages 5-14,Benign neoplasms,7
1992,Ages 5-14,Pneumonia and influenza,6
1992,Ages 15-24,All Causes,1642
1992,Ages 15-24,Homicide,539
1992,Ages 15-24,Unintentional injury,535
1992,Ages 15-24,Unintentional injuries: motor vehicle,392
1992,Ages 15-24,Unintentional injuries: all other,143
1992,Ages 15-24,Suicide,165
1992,Ages 15-24,Malignant neoplasms,73
1992,Ages 15-24,Heart disease,61
1992,Ages 15-24,Congenital anomalies,23
1992,Ages 15-24,HIV infection,23
1992,Ages 15-24,Injuries undetermined origin whether accidentally or purposely inflicted,21
1992,Ages 15-24,Chronic obstructive pulmonary diseases and other allied conditions,15
1992,Ages 15-24,Muscular dystrophy,12
1992,Ages 25-44,All Causes,6700
1992,Ages 25-44,Unintentional injuries,1133
1992,Ages 25-44,Unintentional injuries: motor vehicle,531
1992,Ages 25-44,Unintentional injuries: all other,602
1992,Ages 25-44,Malignant neoplasms,1012
1992,Ages 25-44,HIV infection,898
1992,Ages 25-44,Heart disease,792
1992,Ages 25-44,Homicide,602
1992,Ages 25-44,Suicide,458
1992,Ages 25-44,Chronic liver disease and cirrhosis,276
1992,Ages 25-44,Cerebrovascular disease,173
1992,Ages 25-44,Pneumonia and influenza,140
1992,Ages 25-44,Diabetes mellitus,98
1992,Ages 45-64,All Causes,17122
1992,Ages 45-64,Malignant neoplasms,6352
1992,Ages 45-64,Heart disease,5016
1992,Ages 45-64,Cerebrovascular disease,687
1992,Ages 45-64,Unintentional injuries,584
1992,Ages 45-64,Unintentional injuries: motor vehicle,257
1992,Ages 45-64,Unintentional injuries: all other,327
1992,Ages 45-64,Chronic liver disease and cirrhosis,496
1992,Ages 45-64,Chronic obstructive pulmonary disease and other allied conditions,487
1992,Ages 45-64,Diabetes mellitus,459
1992,Ages 45-64,Pneumonia and influenza,266
1992,Ages 45-64,HIV infection,260
1992,Ages 45-64,Suicide,256
1992,Age 65 and Older,All Causes,73803
1992,Age 65 and Older,Heart disease,28375
1992,Age 65 and Older,Malignant neoplasms,17090
1992,Age 65 and Older,Cerebrovascular disease,6004
1992,Age 65 and Older,Chronic obstructive pulmonary disease and other allied diseases,3272
1992,Age 65 and Older,Pneumonia and influenza,3127
1992,Age 65 and Older,Diabetes mellitus,1800
1992,Age 65 and Older,Nephritis,1169
1992,Age 65 and Older,Unintentional injuries,884
1992,Age 65 and Older,Unintentional injuries: motor vehicle,253
1992,Age 65 and Older,Unintentional injuries: all other,631
1992,Age 65 and Older,Septicemia,857
1992,Age 65 and Older,Alzheimer's disease,587
1993,All Ages,All Causes,106875
1993,All Ages,Heart disease,35624
1993,All Ages,Malignant neoplasms,25263
1993,All Ages,Cerebrovascular disease,7291
1993,All Ages,Chronic obstructive pulmonary diseases and other allied conditions,4312
1993,All Ages,Pneumonia and influenza,4021
1993,All Ages,Unintentional injuries,3717
1993,All Ages,Unintentional injuries: motor vehicle,1558
1993,All Ages,Unintentional injuries: all other,2159
1993,All Ages,Diabetes mellitus,2474
1993,All Ages,Nephritis,1483
1993,All Ages,HIV infection,1439
1993,All Ages,Homicide,1435
1993,All Ages,Cirrhosis of liver,1250
1993,All Ages,Suicide,1149
1993,Ages 1-4,All Causes,301
1993,Ages 1-4,Unintentional injuries,87
1993,Ages 1-4,Unintentional injuries: motor vehicle,24
1993,Ages 1-4,Unintentional injuries: all other,63
1993,Ages 1-4,Malignant neoplasms,35
1993,Ages 1-4,Congenital anomalies,34
1993,Ages 1-4,Homicide,26
1993,Ages 1-4,Heart disease,11
1993,Ages 1-4,Pneumonia and influenza,11
1993,Ages 1-4,Infantile cerebral palsy,10
1993,Ages 1-4,Certain conditions originating in the perinatal period,6
1993,Ages 1-4,Chronic obstructive pulmonary diseases and allied conditions,5
1993,Ages 1-4,Septicemia,5
1993,Ages 5-14,All Causes,400
1993,Ages 5-14,Unintentional injuries,137
1993,Ages 5-14,Unintentional injuries: motor vehicle,67
1993,Ages 5-14,Unintentional injuries: all other,70
1993,Ages 5-14,Malignant neoplasms,52
1993,Ages 5-14,Homicide,47
1993,Ages 5-14,Congenital anomalies,19
1993,Ages 5-14,Heart disease,16
1993,Ages 5-14,Chronic obstructive pulmonary diseases and other allied conditions,14
1993,Ages 5-14,Suicide,12
1993,Ages 5-14,Infantile cerebral palsy,11
1993,Ages 5-14,Pneumonia and influenza,7
1993,Ages 5-14,Anemias,6
1993,Ages 5-14,Cerebrovascular,6
1993,Ages 15-24,All Causes,1741
1993,Ages 15-24,Unintentional injuries,578
1993,Ages 15-24,Unintentional injuries: motor vehicle,403
1993,Ages 15-24,Unintentional injuries: all other,175
1993,Ages 15-24,Homicide,560
1993,Ages 15-24,Suicide,167
1993,Ages 15-24,Malignant neoplasms,79
1993,Ages 15-24,Heart disease,71
1993,Ages 15-24,HIV infection,29
1993,Ages 15-24,Injuries undetermined origin whether accidentally or purposely inflicted,28
1993,Ages 15-24,Congenital anomalies,26
1993,Ages 15-24,Chronic obstructive pulmonary diseases and other allied conditions,19
1993,Ages 15-24,Pneumonia and influenza,16
1993,Ages 25-44,All Causes,7054
1993,Ages 25-44,Unintentional injuries,1250
1993,Ages 25-44,Unintentional injuries: motor vehicle,535
1993,Ages 25-44,Unintentional injuries: all other,715
1993,Ages 25-44,Malignant neoplasms,1054
1993,Ages 25-44,HIV infection,1047
1993,Ages 25-44,Heart disease,851
1993,Ages 25-44,Homicide,576
1993,Ages 25-44,Suicide,464
1993,Ages 25-44,Chronic liver disease and cirrhosis,268
1993,Ages 25-44,Cerebrovascular disease,169
1993,Ages 25-44,Pneumonia and influenza,136
1993,Ages 25-44,Diabetes mellitus,110
1993,Ages 45-64,All Causes,17425
1993,Ages 45-64,Malignant neoplasms,6405
1993,Ages 45-64,Heart disease,5075
1993,Ages 45-64,Cerebrovascular disease,689
1993,Ages 45-64,Unintentional injuries,609
1993,Ages 45-64,Unintentional injuries: motor vehicle,258
1993,Ages 45-64,Unintentional injuries: all other,351
1993,Ages 45-64,Chronic obstructive pulmonary diseases and other allied conditions,592
1993,Ages 45-64,Diabetes mellitus,497
1993,Ages 45-64,Chronic liver disease and cirrhosis,450
1993,Ages 45-64,HIV infection,326
1993,Ages 45-64,Suicide,277
1993,Ages 45-64,Pneumonia and influenza,252
1993,Age 65 and Older,All Causes,78116
1993,Age 65 and Older,Heart disease,29571
1993,Age 65 and Older,Malignant neoplasms,17629
1993,Age 65 and Older,Cerebrovascular disease,6408
1993,Age 65 and Older,Chronic obstructive pulmonary diseases and other allied conditions,3607
1993,Age 65 and Older,Pneumonia and influenza,3576
1993,Age 65 and Older,Diabetes mellitus,1862
1993,Age 65 and Older,Nephritis,1247
1993,Age 65 and Older,Unintentional injuries,999
1993,Age 65 and Older,Unintentional injuries: motor vehicle,737
1993,Age 65 and Older,Unintentional injuries: all other,262
1993,Age 65 and Older,Septicemia,922
1993,Age 65 and Older,Alzheimer's disease,967
1994,All Ages,All Causes,106911
1994,All Ages,Heart disease,35140
1994,All Ages,Malignant neoplasms,25091
1994,All Ages,Cerebrovascular disease,7437
1994,All Ages,Chronic obstructive pulmonary diseases and other allied conditions,4320
1994,All Ages,Unintentional injuries,4022
1994,All Ages,Unintentional injuries: motor vehicle,1742
1994,All Ages,Unintentional injuries: all other,2280
1994,All Ages,Pneumonia and influenza,3917
1994,All Ages,Diabetes mellitus,2544
1994,All Ages,HIV infection,1482
1994,All Ages,Homicide,1478
1994,All Ages,Nephritis,1445
1994,All Ages,Septicemia,1223
1994,All Ages,Chronic liver disease & cirrhosis,1217
1994,Ages 1-4,All Causes,355
1994,Ages 1-4,Unintentional injuries,123
1994,Ages 1-4,Unintentional injuries: motor vehicle,29
1994,Ages 1-4,Unintentional injuries: all other,94
1994,Ages 1-4,Congenital anomalies,34
1994,Ages 1-4,Malignant neoplasms,32
1994,Ages 1-4,Homicide,22
1994,Ages 1-4,Heart disease,18
1994,Ages 1-4,Pneumonia and influenza,15
1994,Ages 1-4,Certain conditions originating in the perinatal period,10
1994,Ages 1-4,Septicemia,9
1994,Ages 1-4,Infantile cerebral palsy,8
1994,Ages 1-4,HIV infection,7
1994,Ages 5-14,All Causes,413
1994,Ages 5-14,Unintentional injuries,172
1994,Ages 5-14,Unintentional injuries: motor vehicle,95
1994,Ages 5-14,Unintentional injuries: all other,77
1994,Ages 5-14,Homicide,52
1994,Ages 5-14,Malignant neoplasms,35
1994,Ages 5-14,Heart disease,20
1994,Ages 5-14,Congenital anomalies,18
1994,Ages 5-14,Infantile cerebral palsy,13
1994,Ages 5-14,Chronic obstructive pulmonary diseases and other allied conditions,11
1994,Ages 5-14,HIV infection,7
1994,Ages 5-14,Suicide,6
1994,Ages 5-14,Pneumonia and influenza,5
1994,Ages 15-24,All Causes,1796
1994,Ages 15-24,Unintentional injuries,626
1994,Ages 15-24,Unintentional injuries: motor vehicle,480
1994,Ages 15-24,Unintentional injuries: all other,146
1994,Ages 15-24,Homicide,609
1994,Ages 15-24,Suicide,171
1994,Ages 15-24,Malignant neoplasms,64
1994,Ages 15-24,Heart disease,53
1994,Ages 15-24,Chronic obstructive pulmonary diseases and other allied conditions,24
1994,Ages 15-24,HIV infection,21
1994,Ages 15-24,Undetermined origin,20
1994,Ages 15-24,Pneumonia and influenza,18
1994,Ages 15-24,Congenital anomalies,17
1994,Ages 25-44,All Causes,7102
1994,Ages 25-44,Unintentional injuries,1292
1994,Ages 25-44,Unintentional injuries: motor vehicle,561
1994,Ages 25-44,Unintentional injuries: all other,731
1994,Ages 25-44,Malignant neoplasms,1097
1994,Ages 25-44,Heart disease,987
1994,Ages 25-44,HIV infection,823
1994,Ages 25-44,Homicide,599
1994,Ages 25-44,Suicide,434
1994,Ages 25-44,Chronic liver disease and cirrhosis,267
1994,Ages 25-44,Cerebrovascular disease,179
1994,Ages 25-44,Pneumonia and influenza,117
1994,Ages 25-44,Diabetes mellitus,114
1994,Ages 45-64,All Causes,17524
1994,Ages 45-64,Malignant neoplasms,6314
1994,Ages 45-64,Heart disease,5059
1994,Ages 45-64,Cerebrovascular disease,765
1994,Ages 45-64,Unintentional injuries,647
1994,Ages 45-64,Unintentional injuries: motor vehicle,278
1994,Ages 45-64,Unintentional injuries: all other,369
1994,Ages 45-64,Chronic obstructive pulmonary diseases and other allied conditions,548
1994,Ages 45-64,Diabetes mellitus,545
1994,Ages 45-64,Chronic liver disease and cirrhosis,469
1994,Ages 45-64,HIV infection,317
1994,Ages 45-64,Pneumonia and influenza,305
1994,Ages 45-64,Suicide,234
1994,Age 65 and Older,All Causes,78010
1994,Age 65 and Older,Heart disease,29137
1994,Age 65 and Older,Malignant neoplasms,17657
1994,Age 65 and Older,Cerebrovascular disease,6479
1994,Age 65 and Older,Chronic obstructive pulmonary diseases and other allied conditions,3637
1994,Age 65 and Older,Pneumonia and influenza,3431
1994,Age 65 and Older,Diabetes mellitus,1870
1994,Age 65 and Older,Nephritis,1217
1994,Age 65 and Older,Unintentional injuries,1119
1994,Age 65 and Older,Unintentional injuries: motor vehicle,294
1994,Age 65 and Older,Unintentional injuries: all other,825
1994,Age 65 and Older,Septicemia,967
1994,Age 65 and Older,Alzheimer's disease,925
1995,All Ages,All Causes,108089
1995,All Ages,Heart disease,35819
1995,All Ages,Malignant neoplasms,25015
1995,All Ages,Cerebrovascular disease,7511
1995,All Ages,Chronic obstructive pulmonary diseases and other allied conditions,4482
1995,All Ages,Unintentional injuries,4037
1995,All Ages,Unintentional injuries: motor vehicle,1766
1995,All Ages,Unintentional injuries: all other,2271
1995,All Ages,Pneumonia and influenza,3887
1995,All Ages,Diabetes mellitus,2655
1995,All Ages,Nephritis,1569
1995,All Ages,HIV infection,1494
1995,All Ages,Homicide,1323
1995,All Ages,Septicemia,1239
1995,All Ages,Chronic liver disease & cirrhosis,1183
1995,Ages 1-4,All Causes,331
1995,Ages 1-4,Unintentional injuries,112
1995,Ages 1-4,Unintentional injuries: motor vehicle,42
1995,Ages 1-4,Unintentional injuries: all other,70
1995,Ages 1-4,Congenital anomalies,35
1995,Ages 1-4,Homicide,29
1995,Ages 1-4,Malignant neoplasms,23
1995,Ages 1-4,Heart disease,18
1995,Ages 1-4,Pneumonia and influenza,8
1995,Ages 1-4,Infantile cerebral palsy,8
1995,Ages 1-4,Septicemia,7
1995,Ages 1-4,Meningitis,5
1995,Ages 1-4,Certain conditions originating in the perinatal period,4
1995,Ages 5-14,All Causes,398
1995,Ages 5-14,Unintentional injuries,150
1995,Ages 5-14,Unintentional injuries: motor vehicle,87
1995,Ages 5-14,Unintentional injuries: all other,63
1995,Ages 5-14,Homicide,49
1995,Ages 5-14,Malignant neoplasms,44
1995,Ages 5-14,Heart disease,18
1995,Ages 5-14,Congenital anomalies,17
1995,Ages 5-14,Infantile cerebral palsy,12
1995,Ages 5-14,Benign neoplasms,10
1995,Ages 5-14,Suicide,9
1995,Ages 5-14,Muscular dystrophy,7
1995,Ages 5-14,Undetermined origins,6
1995,Ages 5-14,Chronic obstructivepulmonary diseases and other allied conditions,6
1995,Ages 15-24,All Causes,1643
1995,Ages 15-24,Unintentional injuries,581
1995,Ages 15-24,Unintentional injuries: motor vehicle,451
1995,Ages 15-24,Unintentional injuries: all other,130
1995,Ages 15-24,Homicide,514
1995,Ages 15-24,Suicide,187
1995,Ages 15-24,Malignant neoplasms,57
1995,Ages 15-24,Heart disease,50
1995,Ages 15-24,Congenital anomalies,24
1995,Ages 15-24,Pneumonia and influenza,15
1995,Ages 15-24,HIV infection,15
1995,Ages 15-24,Chronic obstructive pulmonary diseases and other allied conditions,15
1995,Ages 25-44,All Causes,6940
1995,Ages 25-44,Unintentional injuries,1253
1995,Ages 25-44,Unintentional injuries: motor vehicle,580
1995,Ages 25-44,Unintentional injuries: all other,673
1995,Ages 25-44,HIV infection,1072
1995,Ages 25-44,Malignant neoplasms,1010
1995,Ages 25-44,Heart disease,859
1995,Ages 25-44,Homicide,529
1995,Ages 25-44,Suicide,442
1995,Ages 25-44,Chronic liver disease and cirrhosis,251
1995,Ages 25-44,Cerebrovascular disease,168
1995,Ages 25-44,Pneumonia and influenza,127
1995,Ages 25-44,Diabetes mellitus,115
1995,Ages 45-64,All Causes,17159
1995,Ages 45-64,Malignant neoplasms,6051
1995,Ages 45-64,Heart disease,5027
1995,Ages 45-64,Unintentional injuries,688
1995,Ages 45-64,Unintentional injuries: motor vehicle,270
1995,Ages 45-64,Unintentional injuries: all other,418
1995,Ages 45-64,Cerebrovascular disease,659
1995,Ages 45-64,Chronic obstructive pulmonary diseases and other allied conditions,567
1995,Ages 45-64,Diabetes mellitus,523
1995,Ages 45-64,Chronic liver disease and cirrhosis,449
1995,Ages 45-64,HIV infection,364
1995,Ages 45-64,Pneumonia and influenza,275
1995,Ages 45-64,Suicide,261
1995,Age 65 and Older,All Causes,79894
1995,Age 65 and Older,Heart disease,29814
1995,Age 65 and Older,Malignant neoplasms,17828
1995,Age 65 and Older,Cerebrovascular disease,6651
1995,Age 65 and Older,Chronic obstructive pulmonary diseases and other allied conditions,3811
1995,Age 65 and Older,Pneumonia and influenza,3426
1995,Age 65 and Older,Diabetes mellitus,2003
1995,Age 65 and Older,Nephritis,1342
1995,Age 65 and Older,Unintentional injuries,1194
1995,Age 65 and Older,Unintentional injuries: motor vehicle,330
1995,Age 65 and Older,Unintentional injuries: all other,864
1995,Age 65 and Older,Alzheimer's disease,1030
1995,Age 65 and Older,Septicemia,985
1996,All Ages,All Causes,105701
1996,All Ages,Heart disease,34271
1996,All Ages,Malignant neoplasms,24693
1996,All Ages,Cerebrovascular disease,7446
1996,All Ages,Chronic obstructive pulmonary diseases and other allied conditions,4427
1996,All Ages,Pneumonia and influenza,3998
1996,All Ages,Unintentional injuries,3762
1996,All Ages,Unintentional injuries: motor vehicle,1679
1996,All Ages,Unintentional injuries: all other,2083
1996,All Ages,Diabetes mellitus,2661
1996,All Ages,Nephritis,1609
1996,All Ages,Septicemia,1326
1996,All Ages,Homicide,1301
1996,All Ages,Chronic liver disease & cirrhosis,1186
1996,All Ages,Alzheimer's disease,1151
1996,Ages 1-4,All Causes,279
1996,Ages 1-4,Unintentional injuries,92
1996,Ages 1-4,Unintentional injuries: motor vehicle,34
1996,Ages 1-4,Unintentional injuries: all other,58
1996,Ages 1-4,Congenital anomalies,28
1996,Ages 1-4,Homicide,21
1996,Ages 1-4,Malignant neoplasms,17
1996,Ages 1-4,Heart disease,16
1996,Ages 1-4,Pneumonia and influenza,15
1996,Ages 1-4,Septicemia,7
1996,Ages 1-4,Certain conditions originating in the perinatal period,6
1996,Ages 1-4,Benign neoplasms,5
1996,Ages 1-4,Infantile cerebral palsy,5
1996,Ages 5-14,All Causes,367
1996,Ages 5-14,Unintentional injuries,135
1996,Ages 5-14,Unintentional injuries: motor vehicle,80
1996,Ages 5-14,Unintentional injuries: all other,55
1996,Ages 5-14,Malignant neoplasms,42
1996,Ages 5-14,Homicide,32
1996,Ages 5-14,Congenital anomalies,25
1996,Ages 5-14,Heart disease,13
1996,Ages 5-14,Infantile cerebral palsy,13
1996,Ages 5-14,Suicide,8
1996,Ages 5-14,Anemia,6
1996,Ages 5-14,Chronic obstructive pulmonary diseases and otehr allied conditions,6
1996,Ages 5-14,Cerebrovascular disease,5
1996,Ages 5-14,Pneumonia and influenza,5
1996,Ages 15-24,All Causes,1563
1996,Ages 15-24,Homicide,553
1996,Ages 15-24,Unintentional injuries,526
1996,Ages 15-24,Unintentional injuries: motor vehicle,400
1996,Ages 15-24,Unintentional injuries: all other,126
1996,Ages 15-24,Suicide,135
1996,Ages 15-24,Malignant neoplasms,64
1996,Ages 15-24,Heart disease,50
1996,Ages 15-24,Chronic obstructive pulmonary diseases and other allied conditions,25
1996,Ages 15-24,Undetermined origin,17
1996,Ages 15-24,Pneumonia and influenza,17
1996,Ages 15-24,HIV infection,15
1996,Ages 15-24,Congenital anomalies,13
1996,Ages 25-44,All Causes,6430
1996,Ages 25-44,Unintentional injuries,1111
1996,Ages 25-44,Unintentional injuries: motor vehicle,527
1996,Ages 25-44,Unintentional injuries: all other,584
1996,Ages 25-44,Malignant neoplasms,943
1996,Ages 25-44,Heart disease,850
1996,Ages 25-44,HIV infection,836
1996,Ages 25-44,Homicide,487
1996,Ages 25-44,Suicide,458
1996,Ages 25-44,Chronic liver disease and cirrhosis,266
1996,Ages 25-44,Cerebrovascular disease,173
1996,Ages 25-44,Pneumonia and influenza,110
1996,Ages 25-44,Diabetes mellitus,109
1996,Ages 45-64,All Causes,17181
1996,Ages 45-64,Malignant neoplasms,6112
1996,Ages 45-64,Heart disease,4878
1996,Ages 45-64,Unintentional injuries,719
1996,Ages 45-64,Unintentional injuries: motor vehicle,332
1996,Ages 45-64,Unintentional injuries: all other,387
1996,Ages 45-64,Cerebrovascular disease,695
1996,Ages 45-64,Chronic obstructive pulmonary diseases and other allied conditions,546
1996,Ages 45-64,Diabetes mellitus,519
1996,Ages 45-64,Chronic liver disease and cirrhosis,423
1996,Ages 45-64,Pneumonia and Influenza,319
1996,Ages 45-64,HIV infection,313
1996,Ages 45-64,Suicide,289
1996,Age 65 and Older,All Causes,78345
1996,Age 65 and Older,Heart disease,28440
1996,Age 65 and Older,Malignant neoplasms,17511
1996,Age 65 and Older,Cerebrovascular disease,6560
1996,Age 65 and Older,Chronic obstructive pulmonary diseases and other allied conditions,3770
1996,Age 65 and Older,Pneumonia and influenza,3506
1996,Age 65 and Older,Diabetes mellitus,2028
1996,Age 65 and Older,Nephritis,1372
1996,Age 65 and Older,Unintentional injuries,1135
1996,Age 65 and Older,Unintentional injuries: motor vehicle,297
1996,Age 65 and Older,Unintentional injuries: all other,838
1996,Age 65 and Older,Septicemia,1065
1996,Age 65 and Older,Alzheimer's disease,1052
1997,All Ages,All Causes,102404
1997,All Ages,Heart disease,32616
1997,All Ages,Malignant neoplasms,24408
1997,All Ages,Cerebrovascular disease,7344
1997,All Ages,Chronic obstructive pulmonary diseases and other allied conditions,4308
1997,All Ages,Pneumonia and influenza,3779
1997,All Ages,Unintentional injury,3646
1997,All Ages,Unintentional injuries: motor vehicle,1553
1997,All Ages,Unintentional injuries: all other,2093
1997,All Ages,Diabetes mellitus,2664
1997,All Ages,Nephritis,1593
1997,All Ages,Septicemia,1315
1997,All Ages,Homicide,1205
1997,All Ages,Chronic liver disease & cirrhosis,1108
1997,All Ages,Alzheimer's disease,1059
1997,All Ages,Suicide,1010
1997,All Ages,Aortic aneurism,757
1997,All Ages,Certain perinatal conditions,738
1997,All Ages,Atherosclerosis,652
1997,All Ages,HIV infection,569
1997,All Ages,Hypertension with or without renal disease,524
1997,All Ages,Congenital anomalies,464
1997,Ages 1-4,All Causes,216
1997,Ages 1-4,Unintentional injury,68
1997,Ages 1-4,Unintentional injuries: motor vehicle,15
1997,Ages 1-4,Unintentional injuries: all other,53
1997,Ages 1-4,Congenital anomalies,26
1997,Ages 1-4,Homicide,20
1997,Ages 1-4,Malignant neoplasms,20
1997,Ages 5-14,All Causes,341
1997,Ages 5-14,Unintentional injuries,129
1997,Ages 5-14,Unintentional injuries: motor vehicle,66
1997,Ages 5-14,Unintentional injuries: all other,63
1997,Ages 5-14,Malignant neoplasms,35
1997,Ages 5-14,Homicide,28
1997,Ages 5-14,Congenital anomalies,16
1997,Ages 5-14,Heart disease,15
1997,Ages 15-24,All Causes,1563
1997,Ages 15-24,Unintentional injury,515
1997,Ages 15-24,Unintentional injuries: motor vehicle,388
1997,Ages 15-24,Unintentional injuries: all other,127
1997,Ages 15-24,Homicide,502
1997,Ages 15-24,Suicide,155
1997,Ages 15-24,Malignant neoplasms,88
1997,Ages 15-24,Heart disease,62
1997,Ages 15-24,Congenital anomalies,19
1997,Ages 15-24,Injury of undetermined origin,18
1997,Ages 25-44,All Causes,5876
1997,Ages 25-44,Unintentional injury,1162
1997,Ages 25-44,Unintentional injuries: motor vehicle,520
1997,Ages 25-44,Unintentional injuries: all other,642
1997,Ages 25-44,Malignant neoplasms,1032
1997,Ages 25-44,Heart disease,846
1997,Ages 25-44,Homicide,469
1997,Ages 25-44,Suicide,395
1997,Ages 25-44,HIV infection,378
1997,Ages 25-44,Chronic liver disease and cirrhosis,192
1997,Ages 25-44,Cerebrovascular disease,153
1997,Ages 25-44,Diabetes mellitus,98
1997,Ages 25-44,Chronic obstructive pulmonary diseases and other allied conditions,93
1997,Ages 25-44,Pneumonia and influenza,89
1997,Ages 25-44,Septicemia,63
1997,Ages 25-44,Nephritis,51
1997,Ages 45-64,All Causes,16594
1997,Ages 45-64,Malignant neoplasms,6043
1997,Ages 45-64,Heart disease,4649
1997,Ages 45-64,Cerebrovascular disease,710
1997,Ages 45-64,Unintentional injury,671
1997,Ages 45-64,Unintentional injuries: motor vehicle,297
1997,Ages 45-64,Unintentional injuries: all other,374
1997,Ages 45-64,Diabetes mellitus,523
1997,Ages 45-64,Chronic obstructive pulmonary disease,494
1997,Ages 45-64,Chronic liver disease and cirrhosis,454
1997,Ages 45-64,Pneumonia and influenza,283
1997,Ages 45-64,Suicide,244
1997,Ages 45-64,Septicemia,193
1997,Ages 45-64,Nephritis,188
1997,Ages 45-64,HIV infection,163
1997,Ages 45-64,Homicide,115
1997,Age 65 and Older,All Causes,76338
1997,Age 65 and Older,Heart disease,27009
1997,Age 65 and Older,Malignant neoplasms,17188
1997,Age 65 and Older,Cerebrovascular disease,6457
1997,Age 65 and Older,Chronic obstructive pulmonary disease,3688
1997,Age 65 and Older,Pneumonia and influenza,3355
1997,Age 65 and Older,Diabetes mellitus,2034
1997,Age 65 and Older,Nephritis,1343
1997,Age 65 and Older,Unintentional injury,1066
1997,Age 65 and Older,Unintentional injuries: motor vehicle,262
1997,Age 65 and Older,Unintentional injuries: all other,804
1997,Age 65 and Older,Alzheimer's disease,1048
1997,Age 65 and Older,Septicemia,1036
1997,Age 65 and Older,Aortic aneurism,640
1997,Age 65 and Older,Atherosclerosis,628
1997,Age 65 and Older,Chronic liver disease and cirrhosis,459
1997,Age 65 and Older,Hypertension with or without renal disease,443
1997,Age 65 and Older,Ulcer of stomach and duodenum,275
1997,Age 65 and Older,Abdominal hernia and intestinal blockage,264
1997,Age 65 and Older,Benign neoplasms,257
1997,Age 65 and Older,Anemias,239
1997,Age 65 and Older,Suicide,205
1998,All Ages,All Causes,104070
1998,All Ages,Heart disease,32722
1998,All Ages,Malignant neoplasms,24592
1998,All Ages,Cerebrovascular disease,7247
1998,All Ages,Chronic obstructive pulmonary diseases and other allied conditions,4542
1998,All Ages,Pneumonia and influenza,3944
1998,All Ages,Unintentional injuries,3803
1998,All Ages,Unintentional injuries: motor vehicle,1530
1998,All Ages,Unintentional injuries: all other,2273
1998,All Ages,Diabetes mellitus,2724
1998,All Ages,Nephritis,1664
1998,All Ages,Septicemia,1468
1998,All Ages,Alzheimer's disease,1137
1998,All Ages,Homicide,1116
1998,All Ages,Chronic liver disease & cirrhosis,1089
1998,All Ages,Suicide,1064
1998,All Ages,Certain perinatal conditions,769
1998,All Ages,Aortic aneurism,742
1998,All Ages,Hypertension with or without renal disease,574
1998,All Ages,Atherosclerosis,556
1998,All Ages,HIV infection,515
1998,All Ages,Congenital anomalies,460
1998,All Ages,Benign neoplasms,363
1998,All Ages,Abdominal hernia and intestinal blockage,322
1998,All Ages,Ulcer of stomach and duodenum,267
1998,All Ages,Anemias,253
1998,All Ages,Alcohol dependence syndrome,156
1998,All Ages,SIDS,152
1998,All Ages,Viral hepatitis,127
1998,All Ages,Injury of undetermined origin,108
1998,All Ages,Cholelithiasis,95
1998,All Ages,Tuberculosis,59
1998,All Ages,Epilepsy,54
1998,All Ages,Muscular dystrophy,51
1998,All Ages,Infantile cerebral palsy,45
1998,All Ages,Meningitis,32
1998,Ages 1-4,All Causes,222
1998,Ages 1-4,Unintentional injuries,64
1998,Ages 1-4,Unintentional injuries: motor vehicle,21
1998,Ages 1-4,Unintentional injuries: all other,43
1998,Ages 1-4,Congenital anomalies,30
1998,Ages 1-4,Heart disease,18
1998,Ages 1-4,Malignant neoplasms,17
1998,Ages 1-4,Homicide,16
1998,Ages 1-4,Pneumonia and influenza,14
1998,Ages 1-4,Septicemia,10
1998,Ages 1-4,Cerebrovascular disease,5
1998,Ages 5-14,All Causes,327
1998,Ages 5-14,Unintentional injuries,114
1998,Ages 5-14,Unintentional injuries: motor vehicle,61
1998,Ages 5-14,Unintentional injuries: all other,53
1998,Ages 5-14,Malignant neoplasms,38
1998,Ages 5-14,Homicide,33
1998,Ages 5-14,Congenital anomalies,19
1998,Ages 5-14,Chronic obstructive pulmonary diseases and other allied conditions,17
1998,Ages 5-14,Heart disease,15
1998,Ages 5-14,Infantile cerebral palsy,10
1998,Ages 5-14,Suicide,8
1998,Ages 5-14,Pneumonia and influenza,8
1998,Ages 5-14,Septicemia,5
1998,Ages 5-14,Benign neoplasms,5
1998,Ages 15-24,All Causes,1583
1998,Ages 15-24,Unintentional injury,541
1998,Ages 15-24,Unintentional injuries: motor vehicle,389
1998,Ages 15-24,Unintentional injuries: all other,152
1998,Ages 15-24,Homicide,490
1998,Ages 15-24,Suicide,160
1998,Ages 15-24,Malignant neoplasms,73
1998,Ages 15-24,Heart disease,70
1998,Ages 15-24,Injury of undetermined origin,20
1998,Ages 15-24,Congenital anomalies,18
1998,Ages 15-24,Chronic obstructive pulmonary diseases and other allied conditions,18
1998,Ages 15-24,Pneumonia and influenza,17
1998,Ages 15-24,Cerebrovascular diseases,13
1998,Ages 15-24,Muscular dystrophy,11
1998,Ages 15-24,HIV infection,9
1998,Ages 15-24,Infantile cerebral palsy,9
1998,Ages 15-24,Benign neoplasms,8
1998,Ages 15-24,Anemias,8
1998,Ages 15-24,Complications of pregnancy and childbirth,6
1998,Ages 15-24,Diabetes mellitus,6
1998,Ages 15-24,Septicemia,5
1998,Ages 25-44,All Causes,5828
1998,Ages 25-44,Unintentional injury,1194
1998,Ages 25-44,Unintentional injuries: motor vehicle,474
1998,Ages 25-44,Unintentional injuries: all other,720
1998,Ages 25-44,Malignant neoplasms,976
1998,Ages 25-44,Heart disease,882
1998,Ages 25-44,Suicide,435
1998,Ages 25-44,Homicide,420
1998,Ages 25-44,HIV infection,317
1998,Ages 25-44,Chronic liver disease and cirrhosis,205
1998,Ages 25-44,Cerebrovascular disease,148
1998,Ages 25-44,Diabetes mellitus,112
1998,Ages 25-44,Pneumonia and influenza,90
1998,Ages 25-44,Chronic obstructive pulmonary diseases and other allied conditions,87
1998,Ages 25-44,Alcohol dependence sndrome,51
1998,Ages 25-44,Septicemia,46
1998,Ages 25-44,Injury of undetermined origin,41
1998,Ages 25-44,Nephritis,35
1998,Ages 25-44,Benign neoplasms,30
1998,Ages 25-44,Congenital anomalies,29
1998,Ages 25-44,Aortic aneurism,26
1998,Ages 25-44,Epilepsy,22
1998,Ages 25-44,Anemias,18
1998,Ages 45-64,All Causes,16852
1998,Ages 45-64,Malignant neoplasms,6129
1998,Ages 45-64,Heart disease,4553
1998,Ages 45-64,Unintentional injury,726
1998,Ages 45-64,Unintentional injuries: motor vehicle,298
1998,Ages 45-64,Unintentional injuries: all other,428
1998,Ages 45-64,Cerebrovascular disease,712
1998,Ages 45-64,Chronic obstructive pulmonary disease,518
1998,Ages 45-64,Diabetes mellitus,505
1998,Ages 45-64,Chronic liver disease and cirrhosis,467
1998,Ages 45-64,Pneumonia and influenza,284
1998,Ages 45-64,Suicide,260
1998,Ages 45-64,Septicemia,216
1998,Ages 45-64,Nephritis,198
1998,Ages 45-64,HIV infection,171
1998,Ages 45-64,Homicide,96
1998,Ages 45-64,Aortic aneurism,87
1998,Ages 45-64,Alcohol dependence syndrome,86
1998,Ages 45-64,Hypertension with or without renal disease,76
1998,Ages 45-64,Benign neoplasms,54
1998,Ages 45-64,Viral hepatitis,47
1998,Ages 45-64,Injury of undetermined origin,29
1998,Ages 45-64,Ulcer of stomach and duodenum,28
1998,Ages 45-64,Congenital anomalies,23
1998,Age 65 and Older,All Causes,77753
1998,Age 65 and Older,Heart disease,27154
1998,Age 65 and Older,Malignant neoplasms,17357
1998,Age 65 and Older,Cerebrovascular disease,6361
1998,Age 65 and Older,Chronic obstructive pulmonary disease,3893
1998,Age 65 and Older,Pneumonia and influenza,3496
1998,Age 65 and Older,Diabetes mellitus,2099
1998,Age 65 and Older,Nephritis,1426
1998,Age 65 and Older,Septicemia,1168
1998,Age 65 and Older,Unintentional injury,1129
1998,Age 65 and Older,Unintentional injuries: motor vehicle,279
1998,Age 65 and Older,Unintentional injuries: all other,850
1998,Age 65 and Older,Alzheimer's disease,1119
1998,Age 65 and Older,Aortic aneurism,626
1998,Age 65 and Older,Atherosclerosis,526
1998,Age 65 and Older,Hypertension with or without renal disease,487
1998,Age 65 and Older,Chronic liver disease and cirrhosis,415
1998,Age 65 and Older,Abdominal hernia and intestinal blockage,287
1998,Age 65 and Older,Benign neoplasms,261
1998,Age 65 and Older,Ulcer of stomach and duodenum,230
1998,Age 65 and Older,Suicide,201
1998,Age 65 and Older,Anemias,199
1998,Age 65 and Older,Cholelithiasis,83
1998,Age 65 and Older,Viral hepatitis,61
1998,Age 65 and Older,Homicide,42
1999,All Ages,All Causes,108122
1999,All Ages,Diseases of heart,33312
1999,All Ages,Malignant neoplasms,24980
1999,All Ages,Cerebrovascular disease,7697
1999,All Ages,Chronic lower respiratory diseases,5153
1999,All Ages,Accidents,4072
1999,All Ages,Unintentional injuries: motor vehicle,1511
1999,All Ages,Unintentional injuries: all other,2561
1999,All Ages,Influenza and pneumonia,3118
1999,All Ages,Diabetes mellitus,2999
1999,All Ages,Nephritis,1963
1999,All Ages,Alzheimer's disease,1905
1999,All Ages,Septicemia,1824
1999,All Ages,Chronic liver disease and cirrhosis,1093
1999,All Ages,Homicide,1012
1999,All Ages,Suicide,1012
1999,All Ages,Pneumonitis due to solids and liquids,826
1999,All Ages,Certain conditions originating in the perinatal period,787
1999,All Ages,Primary hypertension and hypertensive renal disease,733
1999,All Ages,Aortic aneurism and dissection,708
1999,All Ages,Parkinson's disease,699
1999,All Ages,Atherosclerosis,610
1999,All Ages,In situ neoplasms,594
1999,All Ages,HIV disease,546
1999,All Ages,Congenital malformations,497
1999,Ages 1-4,All Causes,255
1999,Ages 1-4,Accidents,83
1999,Ages 1-4,Unintentional injuries: motor vehicle,20
1999,Ages 1-4,Unintentional injuries: all other,63
1999,Ages 1-4,Congenital malformations,31
1999,Ages 1-4,Malignant neoplasms,20
1999,Ages 1-4,Homicide,19
1999,Ages 5-14,All Causes,297
1999,Ages 5-14,Accidents,89
1999,Ages 5-14,Unintentional injuries: motor vehicle,42
1999,Ages 5-14,Unintentional injuries: all other,47
1999,Ages 5-14,Malignant neoplasms,44
1999,Ages 5-14,Homicide,28
1999,Ages 5-14,Congenital malformations,20
1999,Ages 15-24,All Causes,1484
1999,Ages 15-24,Accidents,550
1999,Ages 15-24,Unintentional injuries: motor vehicle,363
1999,Ages 15-24,Unintentional injuries: all other,187
1999,Ages 15-24,Homicide,387
1999,Ages 15-24,Suicide,140
1999,Ages 15-24,Malignant neoplasms,82
1999,Ages 15-24,Diseases of heart,65
1999,Ages 15-24,Chronic lower respiratory diseases,23
1999,Ages 15-24,Congenital malformations,18
1999,Ages 25-44,All Causes,5760
1999,Ages 25-44,Accidents,1209
1999,Ages 25-44,Unintentional injuries: motor vehicle,505
1999,Ages 25-44,Unintentional injuries: all other,704
1999,Ages 25-44,Malignant neoplasms,874
1999,Ages 25-44,Diseases of heart,853
1999,Ages 25-44,Homicide,426
1999,Ages 25-44,Suicide,418
1999,Ages 25-44,HIV disease,319
1999,Ages 25-44,Chronic liver disease and cirrhosis,172
1999,Ages 25-44,Cerebrovascular disease,141
1999,Ages 25-44,Diabetes mellitus,102
1999,Ages 25-44,Chronic lower respiratory diseases,89
1999,Ages 25-44,Influenza and pneumonia,85
1999,Ages 25-44,Septicemia,65
1999,Ages 25-44,Nephritis,62
1999,Ages 25-44,Alcohol dependence sndrome,61
1999,Ages 45-64,All Causes,17345
1999,Ages 45-64,Malignant neoplasms,6075
1999,Ages 45-64,Diseases of heart,4696
1999,Ages 45-64,Accidents,804
1999,Ages 45-64,Unintentional injuries: motor vehicle,278
1999,Ages 45-64,Unintentional injuries: all other,526
1999,Ages 45-64,Cerebrovascular disease,687
1999,Ages 45-64,Chronic lower respiratory diseases,593
1999,Ages 45-64,Diabetes mellitus,574
1999,Ages 45-64,Chronic liver disease and cirrhosis,464
1999,Ages 45-64,Suicide,274
1999,Ages 45-64,Septicemia,263
1999,Ages 45-64,Influenza and pneumonia,247
1999,Ages 45-64,Nephritis,235
1999,Ages 45-64,HIV disease,209
1999,Ages 45-64,Alcohol dependence syndrome,95
1999,Ages 45-64,Primary hypertension and hypertensive renal disease,93
1999,Ages 45-64,Homicide,90
1999,Ages 45-64,In situ neoplasms,83
1999,Ages 45-64,Aortic aneurism and dissection,81
1999,Age 65 and Older,All Causes,81477
1999,Age 65 and Older,Diseases of heart,27643
1999,Age 65 and Older,Malignant neoplasms,17881
1999,Age 65 and Older,Cerebrovascular disease,6851
1999,Age 65 and Older,Chronic lower respiratory diseases,4437
1999,Age 65 and Older,Influenza and pneumonia,2746
1999,Age 65 and Older,Diabetes mellitus,2316
1999,Age 65 and Older,Alzheimer's disease,1885
1999,Age 65 and Older,Nephritis,1651
1999,Age 65 and Older,Septicemia,1464
1999,Age 65 and Older,Accidents,1298
1999,Age 65 and Older,Unintentional injuries: motor vehicle,297
1999,Age 65 and Older,Unintentional injuries: all other,1001
1999,Age 65 and Older,Pneumonitis due to solids and liquids,775
1999,Age 65 and Older,Parkinson's disease,681
1999,Age 65 and Older,Primary hypertension and hypertensive renal disease,621
1999,Age 65 and Older,Aortic aneurism and dissection,605
1999,Age 65 and Older,Atherosclerosis,585
1999,Age 65 and Older,In situ neoplasms,468
1999,Age 65 and Older,Chronic liver disease and cirrhosis,454
2000,All Ages,All Causes,106287
2000,All Ages,Diseases of heart,31772
2000,All Ages,Malignant neoplasms,25316
2000,All Ages,Cerebrovascular disease,7415
2000,All Ages,Chronic lower respiratory diseases,4756
2000,All Ages,Accidents,3989
2000,All Ages,Unintentional injuries: motor vehicle,1503
2000,All Ages,Unintentional injuries: all other,2486
2000,All Ages,Diabetes mellitus,2985
2000,All Ages,Influenza and pneumonia,2909
2000,All Ages,Alzheimer's disease,2150
2000,All Ages,Nephritis,2120
2000,All Ages,Septicemia,1867
2000,All Ages,Chronic liver disease and cirrhosis,1056
2000,All Ages,Suicide,1000
2000,All Ages,Homicide,987
2000,All Ages,Pneumonitis due to solids and liquids,854
2000,All Ages,Certain conditions originating in the perinatal period,820
2000,All Ages,Primary hypertension and hypertensive renal disease,730
2000,All Ages,Aortic aneurism and dissection,723
2000,All Ages,Parkinson's disease,711
2000,All Ages,In situ neoplasms,641
2000,All Ages,Atherosclerosis,601
2000,All Ages,HIV disease,477
2000,All Ages,Congenital malformations,460
2000,Ages 1-4,All Causes,214
2000,Ages 1-4,Accidents,74
2000,Ages 1-4,Unintentional injuries: motor vehicle,26
2000,Ages 1-4,Unintentional injuries: all other,48
2000,Ages 1-4,Congenital malformations,30
2000,Ages 1-4,Malignant neoplasms,18
2000,Ages 1-4,Homicide,11
2000,Ages 5-14,All Causes,293
2000,Ages 5-14,Accidents,99
2000,Ages 5-14,Unintentional injuries: motor vehicle,46
2000,Ages 5-14,Unintentional injuries: all other,53
2000,Ages 5-14,Malignant neoplasms,37
2000,Ages 5-14,Homicide,17
2000,Ages 5-14,Chronic lower respiratory diseases,17
2000,Ages 5-14,Congenital malformations,16
2000,Ages 15-24,All Causes,1451
2000,Ages 15-24,Accidents,553
2000,Ages 15-24,Unintentional injuries: motor vehicle,364
2000,Ages 15-24,Unintentional injuries: all other,189
2000,Ages 15-24,Homicide,391
2000,Ages 15-24,Suicide,145
2000,Ages 15-24,Malignant neoplasms,72
2000,Ages 15-24,Diseases of heart,65
2000,Ages 15-24,Chronic lower respiratory diseases,19
2000,Ages 15-24,Congenital malformations,19
2000,Ages 25-44,All Causes,5620
2000,Ages 25-44,Accidents,1218
2000,Ages 25-44,Unintentional injuries: motor vehicle,505
2000,Ages 25-44,Unintentional injuries: all other,713
2000,Ages 25-44,Malignant neoplasms,893
2000,Ages 25-44,Diseases of heart,822
2000,Ages 25-44,Homicide,397
2000,Ages 25-44,Suicide,393
2000,Ages 25-44,HIV disease,287
2000,Ages 25-44,Chronic liver disease and cirrhosis,181
2000,Ages 25-44,Cerebrovascular disease,145
2000,Ages 25-44,Diabetes mellitus,104
2000,Ages 25-44,Chronic lower respiratory diseases,82
2000,Ages 25-44,Influenza and pneumonia,81
2000,Ages 25-44,Septicemia,80
2000,Ages 25-44,Nephritis,52
2000,Ages 45-64,All Causes,17244
2000,Ages 45-64,Malignant neoplasms,6252
2000,Ages 45-64,Diseases of heart,4483
2000,Ages 45-64,Accidents,785
2000,Ages 45-64,Unintentional injuries: motor vehicle,305
2000,Ages 45-64,Unintentional injuries: all other,480
2000,Ages 45-64,Cerebrovascular disease,706
2000,Ages 45-64,Diabetes mellitus,565
2000,Ages 45-64,Chronic lower respiratory diseases,501
2000,Ages 45-64,Chronic liver disease and cirrhosis,452
2000,Ages 45-64,Septicemia,280
2000,Ages 45-64,Suicide,274
2000,Ages 45-64,Nephritis,272
2000,Ages 45-64,Influenza and pneumonia,195
2000,Ages 45-64,HIV disease,163
2000,Ages 45-64,Homicide,113
2000,Ages 45-64,Primary hypertension and hypertensive renal disease,101
2000,Ages 45-64,In situ neoplasms,92
2000,Ages 45-64,Aortic aneurism and dissection,90
2000,Age 65 and Older,All Causes,79937
2000,Age 65 and Older,Diseases of heart,26347
2000,Age 65 and Older,Malignant neoplasms,18041
2000,Age 65 and Older,Cerebrovascular disease,6532
2000,Age 65 and Older,Chronic lower respiratory diseases,4134
2000,Age 65 and Older,Influenza and pneumonia,2603
2000,Age 65 and Older,Diabetes mellitus,2312
2000,Age 65 and Older,Alzheimer's disease,2128
2000,Age 65 and Older,Nephritis,1780
2000,Age 65 and Older,Septicemia,1475
2000,Age 65 and Older,Accidents,1199
2000,Age 65 and Older,Unintentional injuries: motor vehicle,249
2000,Age 65 and Older,Unintentional injuries: all other,950
2000,Age 65 and Older,Pneumonitis due to solids and liquids,801
2000,Age 65 and Older,Parkinson's disease,701
2000,Age 65 and Older,Primary hypertension and hypertensive renal disease,612
2000,Age 65 and Older,Aortic aneurism and dissection,610
2000,Age 65 and Older,Atherosclerosis,572
2000,Age 65 and Older,In situ neoplasms,510
2000,Age 65 and Older,Chronic liver disease and cirrhosis,421
2001,All Ages,All Causes,104858
2001,All Ages,Diseases of heart,30827
2001,All Ages,Malignant neoplasms,24674
2001,All Ages,Cerebrovascular disease,7195
2001,All Ages,Chronic lower respiratory diseases,4756
2001,All Ages,Accidents,4027
2001,All Ages,Unintentional injuries: motor vehicle,1559
2001,All Ages,Unintentional injuries: all other,2468
2001,All Ages,Diabetes mellitus,3085
2001,All Ages,Influenza and pneumonia,2648
2001,All Ages,Nephritis,2166
2001,All Ages,Alzheimer's disease,2161
2001,All Ages,Septicemia,1964
2001,All Ages,Suicide,1131
2001,All Ages,Chronic liver disease and cirrhosis,1101
2001,All Ages,Homicide,1064
2001,All Ages,Pneumonitis due to solids and liquids,848
2001,All Ages,Primary hypertension and hypertensive renal disease,784
2001,All Ages,Parkinson's disease,755
2001,All Ages,Certain conditions originating in the perinatal period,742
2001,All Ages,Aortic aneurism and dissection,677
2001,All Ages,In situ neoplasms,619
2001,All Ages,Atherosclerosis,569
2001,All Ages,HIV disease,514
2001,All Ages,Congenital malformations,424
2001,Ages 1-4,All Causes,229
2001,Ages 1-4,Accidents,56
2001,Ages 1-4,Unintentional injuries: motor vehicle,17
2001,Ages 1-4,Unintentional injuries: all other,39
2001,Ages 1-4,Congenital malformations,24
2001,Ages 1-4,Homicide,23
2001,Ages 1-4,Malignant neoplasms,21
2001,Ages 1-4,Diseases of heart,16
2001,Ages 5-14,All Causes,317
2001,Ages 5-14,Accidents,104
2001,Ages 5-14,Unintentional injuries: motor vehicle,56
2001,Ages 5-14,Unintentional injuries: all other,48
2001,Ages 5-14,Malignant neoplasms,43
2001,Ages 5-14,Congenital malformations,17
2001,Ages 5-14,Homicide,17
2001,Ages 5-14,Suicide,17
2001,Ages 5-14,Diseases of heart,15
2001,Ages 15-24,All Causes,1482
2001,Ages 15-24,Accidents,530
2001,Ages 15-24,Unintentional injuries: motor vehicle,385
2001,Ages 15-24,Unintentional injuries: all other,145
2001,Ages 15-24,Homicide,413
2001,Ages 15-24,Suicide,154
2001,Ages 15-24,Malignant neoplasms,86
2001,Ages 15-24,Diseases of heart,55
2001,Ages 15-24,Congenital malformations,20
2001,Ages 25-44,All Causes,5536
2001,Ages 25-44,Accidents,1177
2001,Ages 25-44,Unintentional injuries: motor vehicle,487
2001,Ages 25-44,Unintentional injuries: all other,690
2001,Ages 25-44,Malignant neoplasms,841
2001,Ages 25-44,Diseases of heart,808
2001,Ages 25-44,Suicide,433
2001,Ages 25-44,Homicide,423
2001,Ages 25-44,HIV disease,292
2001,Ages 25-44,Chronic liver disease and cirrhosis,204
2001,Ages 25-44,Cerebrovascular disease,123
2001,Ages 25-44,Diabetes mellitus,98
2001,Ages 25-44,Chronic lower respiratory diseases,87
2001,Ages 25-44,Septicemia,79
2001,Ages 25-44,Nephritis,58
2001,Ages 25-44,Influenza and pneumonia,57
2001,Ages 45-64,All Causes,17633
2001,Ages 45-64,Malignant neoplasms,6239
2001,Ages 45-64,Diseases of heart,4545
2001,Ages 45-64,Accidents,872
2001,Ages 45-64,Unintentional injuries: motor vehicle,337
2001,Ages 45-64,Unintentional injuries: all other,535
2001,Ages 45-64,Cerebrovascular disease,654
2001,Ages 45-64,Diabetes mellitus,583
2001,Ages 45-64,Chronic lower respiratory diseases,576
2001,Ages 45-64,Chronic liver disease and cirrhosis,459
2001,Ages 45-64,Suicide,325
2001,Ages 45-64,Septicemia,306
2001,Ages 45-64,Nephritis,281
2001,Ages 45-64,Influenza and pneumonia,200
2001,Ages 45-64,HIV disease,194
2001,Ages 45-64,Homicide,121
2001,Ages 45-64,Primary hypertension and hypertensive renal disease,107
2001,Ages 45-64,Aortic aneurism and dissection,93
2001,Age 65 and Older,All Causes,78282
2001,Age 65 and Older,Diseases of heart,25356
2001,Age 65 and Older,Malignant neoplasms,17440
2001,Age 65 and Older,Cerebrovascular disease,6394
2001,Age 65 and Older,Chronic lower respiratory diseases,4067
2001,Age 65 and Older,Diabetes mellitus,2400
2001,Age 65 and Older,Influenza and pneumonia,2345
2001,Age 65 and Older,Alzheimer's disease,2129
2001,Age 65 and Older,Nephritis,1816
2001,Age 65 and Older,Septicemia,1541
2001,Age 65 and Older,Accidents,1241
2001,Age 65 and Older,Unintentional injuries: motor vehicle,270
2001,Age 65 and Older,Unintentional injuries: all other,971
2001,Age 65 and Older,Pneumonitis due to solids and liquids,791
2001,Age 65 and Older,Primary hypertension and hypertensive renal disease,662
2001,Age 65 and Older,Aortic aneurism and dissection,562
2001,Age 65 and Older,Atherosclerosis,541
2001,Age 65 and Older,In situ neoplasms,501
2001,Age 65 and Older,Chronic liver disease and cirrhosis,435
2002,All Ages,All Causes,106211
2002,All Ages,Diseases of heart,30713
2002,All Ages,Malignant neoplasms,24671
2002,All Ages,Cerebrovascular diseases,7171
2002,All Ages,Chronic lower respiratory diseases,4806
2002,All Ages,Accidents,4177
2002,All Ages,Unintentional injuries: motor vehicle,1562
2002,All Ages,Unintentional injuries: all other,2615
2002,All Ages,Diabetes mellitus,2997
2002,All Ages,Influenza and pneumonia,2931
2002,All Ages,Alzheimer's disease,2391
2002,All Ages,Nephritis,2319
2002,All Ages,Septicemia,2043
2002,All Ages,Intentional self-harm (suicide),1142
2002,All Ages,Chronic liver disease and cirrhosis,1065
2002,All Ages,Assault (homicide),1005
2002,All Ages,Pneumonitis due to solids and liquids,906
2002,All Ages,Essential (primary) hypertension and hypertensive renal disease,849
2002,All Ages,Parkinson's disease,781
2002,All Ages,Certain conditions originating in the perinatal period,674
2002,All Ages,In situ neoplasms,654
2002,All Ages,Aortic aneurism and dissection,585
2002,All Ages,Atherosclerosis,523
2002,All Ages,HIV disease,489
2002,All Ages,Congenital malformations,486
2002,Ages 1-4,All Causes,206
2002,Ages 1-4,Accidents,62
2002,Ages 1-4,Unintentional injuries: motor vehicle,12
2002,Ages 1-4,Unintentional injuries: all other,50
2002,Ages 1-4,Congenital malformations,23
2002,Ages 1-4,Malignant neoplasms,17
2002,Ages 1-4,Homicide,17
2002,Ages 1-4,Influenza and pneumonia,10
2002,Ages 5-14,All Causes,288
2002,Ages 5-14,Accidents,104
2002,Ages 5-14,Unintentional injuries: motor vehicle,59
2002,Ages 5-14,Unintentional injuries: all other,45
2002,Ages 5-14,Malignant neoplasms,38
2002,Ages 5-14,Homicide,18
2002,Ages 5-14,Congenital malformations,16
2002,Ages 5-14,Chronic lower respiratory diseases,13
2002,Ages 5-14,Suicide,13
2002,Ages 5-14,Diseases of heart,12
2002,Ages 15-24,All Causes,1436
2002,Ages 15-24,Accidents,564
2002,Ages 15-24,Unintentional injuries: motor vehicle,400
2002,Ages 15-24,Unintentional injuries: all other,164
2002,Ages 15-24,Homicide,359
2002,Ages 15-24,Suicide,155
2002,Ages 15-24,Malignant neoplasms,65
2002,Ages 15-24,Diseases of heart,42
2002,Ages 15-24,Congenital malformations,29
2002,Ages 25-44,All Causes,5586
2002,Ages 25-44,Accidents,1186
2002,Ages 25-44,Unintentional injuries: motor vehicle,499
2002,Ages 25-44,Unintentional injuries: all other,687
2002,Ages 25-44,Malignant neoplasms,873
2002,Ages 25-44,Diseases of heart,811
2002,Ages 25-44,Suicide,435
2002,Ages 25-44,Homicide,433
2002,Ages 25-44,HIV disease,266
2002,Ages 25-44,Chronic liver disease and cirrhosis,139
2002,Ages 25-44,Cerebrovascular diseases,133
2002,Ages 25-44,Diabetes mellitus,127
2002,Ages 25-44,Chronic lower respiratory diseases,87
2002,Ages 25-44,Septicemia,67
2002,Ages 25-44,Nephritis,62
2002,Ages 25-44,Influenza and pneumonia,58
2002,Ages 25-44,Congenital malformations,51
2002,Ages 45-64,All Causes,18132
2002,Ages 45-64,Malignant neoplasms,6315
2002,Ages 45-64,Diseases of heart,4634
2002,Ages 45-64,Accidents,925
2002,Ages 45-64,Unintentional injuries: motor vehicle,310
2002,Ages 45-64,Unintentional injuries: all other,615
2002,Ages 45-64,Cerebrovascular diseases,666
2002,Ages 45-64,Diabetes mellitus,577
2002,Ages 45-64,Chronic lower respiratory diseases,561
2002,Ages 45-64,Chronic liver disease and cirrhosis,509
2002,Ages 45-64,Suicide,364
2002,Ages 45-64,Septicemia,358
2002,Ages 45-64,Nephritis,303
2002,Ages 45-64,Influenza and pneumonia,222
2002,Ages 45-64,HIV disease,196
2002,Ages 45-64,Homicide,119
2002,Ages 45-64,Primary hypertension and hypertensive renal disease,112
2002,Age 65 and Older,All Causes,79259
2002,Age 65 and Older,Diseases of heart,25184
2002,Age 65 and Older,Malignant neoplasms,17361
2002,Age 65 and Older,Cerebrovascular diseases,6361
2002,Age 65 and Older,Chronic lower respiratory diseases,4125
2002,Age 65 and Older,Influenza and pneumonia,2610
2002,Age 65 and Older,Alzheimer's disease,2362
2002,Age 65 and Older,Diabetes mellitus,2283
2002,Age 65 and Older,Nephritis,1937
2002,Age 65 and Older,Septicemia,1594
2002,Age 65 and Older,Accidents,1278
2002,Age 65 and Older,Unintentional injuries: motor vehicle,278
2002,Age 65 and Older,Unintentional injuries: all other,1000
2002,Age 65 and Older,Pneumonitis due to solids and liquids,836
2002,Age 65 and Older,Parkinson's disease,766
2002,Age 65 and Older,Primary hypertension and hypertensive renal disease,719
2002,Age 65 and Older,In situ neoplasms,522
2002,Age 65 and Older,Atherosclerosis,510
2002,Age 65 and Older,Aortic aneurism and dissection,497
2002,Age 65 and Older,Chronic liver disease and cirrhosis,414
2003,All Ages,All Causes,104930
2003,All Ages,Diseases of heart,29704
2003,All Ages,Malignant neoplasms,24412
2003,All Ages,Cerebrovascular diseases,6883
2003,All Ages,Chronic lower respiratory diseases,4849
2003,All Ages,Accidents (unintentional injuries),3908
2003,All Ages,Motor vehicle accidents,1498
2003,All Ages,All other accidents,2410
2003,All Ages,Diabetes mellitus,3043
2003,All Ages,Influenza and pneumonia,2868
2003,All Ages,Alzheimer's disease,2623
2003,All Ages,Nephritis,2293
2003,All Ages,Septicemia,2047
2003,All Ages,Chronic liver disease and cirrhosis,1038
2003,All Ages,Intentional self-harm (suicide),1001
2003,All Ages,Assault (homicide),953
2003,All Ages,Essential (primary) hypertension and hypertensive renal disease,906
2003,All Ages,Pneumonitis due to solids and liquids,840
2003,All Ages,Parkinson's disease,787
2003,All Ages,Certain conditions originating in the perinatal period,712
2003,All Ages,In situ neoplasms,658
2003,All Ages,Aortic aneurysm and dissection,599
2003,All Ages,Atherosclerosis,512
2003,Ages 1-4,All Causes,199
2003,Ages 1-4,Accidents (unintentional injuries),54
2003,Ages 1-4,Motor vehicle accidents,19
2003,Ages 1-4,All other accidents,35
2003,Ages 1-4,Congenital malformations,25
2003,Ages 1-4,Malignant neoplasms,20
2003,Ages 1-4,Assault (homicide),13
2003,Ages 5-14,All Causes,271
2003,Ages 5-14,Accidents (unintentional injuries),88
2003,Ages 5-14,Motor vehicle accidents,48
2003,Ages 5-14,All other accidents,40
2003,Ages 5-14,Malignant neoplasms,38
2003,Ages 5-14,Assault (homicide),20
2003,Ages 5-14,Diseases of heart,10
2003,Ages 5-14,Congenital malformations,9
2003,Ages 5-14,Intentional self-harm (suicide),8
2003,Ages 5-14,Influenza and pneumonia,7
2003,Ages 15-24,All Causes,1479
2003,Ages 15-24,Accidents (unintentional injuries),583
2003,Ages 15-24,Motor vehicle accidents,389
2003,Ages 15-24,All other accidents,194
2003,Ages 15-24,Assault (homicide),358
2003,Ages 15-24,Intentional self-harm (suicide),120
2003,Ages 15-24,Malignant neoplasms,68
2003,Ages 15-24,Diseases of heart,54
2003,Ages 15-24,Chronic lower respiratory diseases,17
2003,Ages 15-24,Congenital malformations,14
2003,Ages 15-24,Influenza and pneumonia,13
2003,Ages 25-44,All Causes,5298
2003,Ages 25-44,Accidents (unintentional injuries),1043
2003,Ages 25-44,Motor vehicle accidents,453
2003,Ages 25-44,All other accidents,590
2003,Ages 25-44,Diseases of heart,806
2003,Ages 25-44,Malignant neoplasms,797
2003,Ages 25-44,Intentional self-harm (suicide),403
2003,Ages 25-44,Assault (homicide),398
2003,Ages 25-44,Human immunodeficiency virus (HIV) disease,223
2003,Ages 25-44,Cerebrovascular diseases,131
2003,Ages 25-44,Chronic liver disease and cirrhosis,131
2003,Ages 25-44,Diabetes mellitus,92
2003,Ages 25-44,Influenza and pneumonia,69
2003,Ages 25-44,Septicemia,67
2003,Ages 25-44,Nephritis,62
2003,Ages 45-64,All Causes,17950
2003,Ages 45-64,Malignant neoplasms,6144
2003,Ages 45-64,Diseases of heart,4571
2003,Ages 45-64,Accidents (unintentional injuries),838
2003,Ages 45-64,Motor vehicle accidents,305
2003,Ages 45-64,All other accidents,533
2003,Ages 45-64,Cerebrovascular diseases,677
2003,Ages 45-64,Diabetes melliltus,586
2003,Ages 45-64,Chronic lower respiratory diseases,564
2003,Ages 45-64,Chronic liver disease and cirrhosis,476
2003,Ages 45-64,Septicemia,355
2003,Ages 45-64,Intentional self-harm (suicide),328
2003,Ages 45-64,Nephritis,296
2003,Ages 45-64,Influenza and pneumonia,217
2003,Ages 45-64,Human immunodeficiency virus (HIV) disease,194
2003,Age 65 and Older,All Causes,78353
2003,Age 65 and Older,Diseases of heart,24232
2003,Age 65 and Older,Malignant neoplasms,17339
2003,Age 65 and Older,Cerebrovascular diseases,6063
2003,Age 65 and Older,Chronic lower respiratory diseases,4211
2003,Age 65 and Older,Alzheimer's disease,2589
2003,Age 65 and Older,Influenza and pneumonia,2548
2003,Age 65 and Older,Diabetes mellitus,2359
2003,Age 65 and Older,Nephritis,1912
2003,Age 65 and Older,Septicemia,1594
2003,Age 65 and Older,Accidents (unintentional injuries),1257
2003,Age 65 and Older,Motor vehicle accidents,280
2003,Age 65 and Older,All other accidents,977
2003,Age 65 and Older,Pneumonitis due to solids and liquids,786
2003,Age 65 and Older,Essential (primary) hypertension and hypertensive renal disease,777
2004,All Ages,All causes ,102341
2004,All Ages,Diseases of heart,28199
2004,All Ages,Malignant neoplasms,24233
2004,All Ages,Cerebrovascular diseases,6477
2004,All Ages,Chronic lower respiratory diseases,4713
2004,All Ages,Accidents,4078
2004,All Ages,Motor vehicle accidents,1478
2004,All Ages,All other accidents,2600
2004,All Ages,Diabetes melliltus,3067
2004,All Ages,Influenza and pneumonia,2773
2004,All Ages,Alzheimer's disease,2592
2004,All Ages,"Nephritis, nephrotic syndrome and nephrosis",2335
2004,All Ages,Septicemia,1996
2004,All Ages,Chronic liver disease and cirrhosis,1052
2004,All Ages,Intentional self-harm (suicide),1023
2004,All Ages,Essential (primary) hypertension and hypertensive renal disease,931
2004,All Ages,Assault (homicide),868
2004,All Ages,Parkinson's disease,840
2004,All Ages,Pneumonitis due to solids and liquids,810
2004,All Ages,Certain conditions originating in the perinatal period,690
2004,All Ages,"In situ neoplasms, benign neplasms and neoplasms of uncertain or unknown behavior",642
2004,All Ages,Aortic aneurysm and dissection,602
2004,All Ages,Athersclerosis,551
2004,Ages 1-4,All causes,202
2004,Ages 1-4,Accidents,50
2004,Ages 1-4,Motor vehicle accidents,18
2004,Ages 1-4,All other accidents,32
2004,Ages 1-4,"Congenital malformations, deformations and chromosomal abnormalities",32
2004,Ages 1-4,Assault (homicide),23
2004,Ages 1-4,Malignant neoplasms,11
2004,Ages 5-14,All causes,267
2004,Ages 5-14,Accidents,75
2004,Ages 5-14,Motor vehicle accidents,41
2004,Ages 5-14,All other accidents,34
2004,Ages 5-14,Malignant neoplasms,59
2004,Ages 5-14,Diseases of heart,14
2004,Ages 5-14,"Congenital malformations, deformations and chromosomal abnormalities",9
2004,Ages 5-14,Assault (homicide),8
2004,Ages 5-14,Intentional self-harm (suicide),7
2004,Ages 15-24,All causes,1327
2004,Ages 15-24,Accidents,506
2004,Ages 15-24,Motor vehicle accidents,344
2004,Ages 15-24,All other accidents,162
2004,Ages 15-24,Assault (homicide),311
2004,Ages 15-24,Intentional self-harm (suicide),152
2004,Ages 15-24,Diseases of heart,67
2004,Ages 15-24,Malignant neoplasms,65
2004,Ages 15-24,"Congenital malformations, deformations and chromosomal abnormalities",24
2004,Ages 25-44,All causes,5081
2004,Ages 25-44,Accidents,1162
2004,Ages 25-44,Motor vehicle accidents,483
2004,Ages 25-44,All other accidents,679
2004,Ages 25-44,Malignant neoplasms,801
2004,Ages 25-44,Diseases of heart,773
2004,Ages 25-44,Intentional self-harm (suicide),367
2004,Ages 25-44,Assault (homicide),361
2004,Ages 25-44,Human immunodeficiency virus disease,211
2004,Ages 25-44,Chronic liver disease and cirrhosis,128
2004,Ages 25-44,Cerebrovascular diseases,109
2004,Ages 25-44,Diabetes melliltus,95
2004,Ages 25-44,Chronic lower respiratory diseases,74
2004,Ages 25-44,Influenza and pneumonia,66
2004,Ages 25-44,Septicemia,64
2004,Ages 25-44,"Nephritis, nephrotic syndrome and nephrosis",57
2004,Ages 45-64,All causes,18215
2004,Ages 45-64,Malignant neoplasms,6362
2004,Ages 45-64,Diseases of heart,4454
2004,Ages 45-64,Accidents,988
2004,Ages 45-64,Motor vehicle accidents,346
2004,Ages 45-64,All other accidents,642
2004,Ages 45-64,Cerebrovascular diseases,672
2004,Ages 45-64,Diabetes melliltus,651
2004,Ages 45-64,Chronic lower respiratory diseases,535
2004,Ages 45-64,Chronic liver disease and cirrhosis,526
2004,Ages 45-64,Intentional self-harm (suicide),355
2004,Ages 45-64,Septicemia,342
2004,Ages 45-64,"Nephritis, nephrotic syndrome and nephrosis",295
2004,Ages 45-64,Influenza and pneumonia,231
2004,Ages 45-64,Human immunodeficiency virus disease,180
2004,Age 65 and Older,All causes,75932
2004,Age 65 and Older,Diseases of heart,22858
2004,Age 65 and Older,Malignant neoplasms,16928
2004,Age 65 and Older,Cerebrovascular diseases,5678
2004,Age 65 and Older,Chronic lower respiratory diseases,4088
2004,Age 65 and Older,Alzheimer's disease,2565
2004,Age 65 and Older,Influenza and pneumonia,2444
2004,Age 65 and Older,Diabetes melliltus,2314
2004,Age 65 and Older,"Nephritis, nephrotic syndrome and nephrosis",1966
2004,Age 65 and Older,Septicemia,1567
2004,Age 65 and Older,Accidents,1244
2004,Age 65 and Older,Motor vehicle accidents,241
2004,Age 65 and Older,All other accidents,1003
2004,Age 65 and Older,Parkinson's disease,820
2004,Age 65 and Older,Essential (primary) hypertension and hypertensive renal disease,807
2004,Age 65 and Older,Pneumonitis due to solids and liquids,742
2005,All Ages,All causes,103654
2005,All Ages,Diseases of heart,28145
2005,All Ages,Malignant neoplasms,24199
2005,All Ages,Cerebrovascular diseases,6232
2005,All Ages,Chronic lower resipratory diseases,5056
2005,All Ages,Accidents,4157
2005,All Ages,Motor vehicle accidents,1459
2005,All Ages,All other accidents,2698
2005,All Ages,Diabetes mellitus,3028
2005,All Ages,Influenza and pneumonia,2948
2005,All Ages,Alzheimer's disease,2822
2005,All Ages,"Nephritis, nephrotic syndrome and nephrosis",2388
2005,All Ages,Septicemia,1939
2005,All Ages,Intentional self-harm (suicide),1073
2005,All Ages,Chronic liver disease and cirrhosis,1003
2005,All Ages,Essential (primary) hypertension and hypertensive renal disease,991
2005,All Ages,Pneumonitis due to solids and liquids,906
2005,All Ages,Parkinsons's disease,896
2005,All Ages,Assualt (homicide),860
2005,All Ages,Certain conditions originating in the perinatal period,685
2005,All Ages,"In situ neoplasms, benign neoplasms and neoplasms of uncertain or unknown behavior",604
2005,All Ages,Aortic aneurysm and dissection,594
2005,All Ages,Atheosclerosis,475
2005,Ages 1-4,All causes,184
2005,Ages 1-4,Accidents,38
2005,Ages 1-4,Motor vehicle accidents,7
2005,Ages 1-4,All other accidents,31
2005,Ages 1-4,"Congenital malformations, deformations, and chromosomal abnormalities",23
2005,Ages 1-4,Malignant neoplasms,21
2005,Ages 1-4,Assualt (homicide),15
2005,Ages 5-14,All causes,231
2005,Ages 5-14,Motor vehicle accidents,43
2005,Ages 5-14,All other accidents,23
2005,Ages 5-14,Malignant neoplasms,33
2005,Ages 5-14,Assualt (homicide),18
2005,Ages 5-14,"Congenital malformations, deformations, and chromosomal abnormalities",13
2005,Ages 5-14,Diseases of heart,12
2005,Ages 15-24,All causes,1409
2005,Ages 15-24,Accidents,569
2005,Ages 15-24,Motor vehicle accidents,379
2005,Ages 15-24,All other accidents,190
2005,Ages 15-24,Assualt (homicide),315
2005,Ages 15-24,Intentional self-harm (suicide),134
2005,Ages 15-24,Malignant neoplasms,66
2005,Ages 15-24,Diseases of heart,65
2005,Ages 25-44,All causes,4991
2005,Ages 25-44,Accidents,1112
2005,Ages 25-44,Motor vehicle accidents,442
2005,Ages 25-44,All other accidents,670
2005,Ages 25-44,Diseases of heart,791
2005,Ages 25-44,Malignant neoplasms,785
2005,Ages 25-44,Intentional self-harm (suicide),400
2005,Ages 25-44,Assualt (homicide),343
2005,Ages 25-44,Human immunodificiency virus (HIV) disease,194
2005,Ages 25-44,Chronic liver disease and cirrhosis,139
2005,Ages 25-44,Cerebrovascular diseases,98
2005,Ages 25-44,Diabetes mellitus,89
2005,Ages 25-44,Influenza and pneumonia,57
2005,Ages 25-44,Chronic lower resipratory diseases,55
2005,Ages 25-44,Septicemia,54
2005,Ages 25-44,"Nephritis, nephrotic syndrome and nephrosis",51
2005,Ages 45-64,All causes,18531
2005,Ages 45-64,Malignant neoplasms,6337
2005,Ages 45-64,Diseases of heart,4597
2005,Ages 45-64,Accidents,975
2005,Ages 45-64,Motor vehicle accidents,307
2005,Ages 45-64,All other accidents,668
2005,Ages 45-64,Diabetes mellitus,669
2005,Ages 45-64,Chronic lower resipratory diseases,618
2005,Ages 45-64,Cerebrovascular diseases,609
2005,Ages 45-64,Chronic liver disease and cirrhosis,507
2005,Ages 45-64,Intentional self-harm (suicide),366
2005,Ages 45-64,Septicemia,316
2005,Ages 45-64,"Nephritis, nephrotic syndrome and nephrosis",315
2005,Ages 45-64,Influenza and pneumonia,256
2005,Ages 45-64,Human immunodificiency virus (HIV) disease,186
2005,Age 65 and Older,All causes,77014
2005,Age 65 and Older,Diseases of heart,22659
2005,Age 65 and Older,Malignant neoplasms,16951
2005,Age 65 and Older,Cerebrovascular diseases,5495
2005,Age 65 and Older,Chronic lower resipratory diseases,4363
2005,Age 65 and Older,Alzheimer's disease,2788
2005,Age 65 and Older,Influenza and pneumonia,2591
2005,Age 65 and Older,Diabetes mellitus,2263
2005,Age 65 and Older,"Nephritis, nephrotic syndrome and nephrosis",2009
2005,Age 65 and Older,Septicemia,1539
2005,Age 65 and Older,Accidents,1342
2005,Age 65 and Older,Motor vehicle accidents,276
2005,Age 65 and Older,All other accidents,1066
2005,Age 65 and Older,Parkinsons's disease,871
2005,Age 65 and Older,Essential (primary) hypertension and hypertensive renal disease,851
2005,Age 65 and Older,Pneumonitis due to solids and liquids,827
2006,All Ages,All causes,102122
2006,All Ages,Diseases of heart,27002
2006,All Ages,Malignant neoplasms,24052
2006,All Ages,Cerebrovascular diseases,5974
2006,All Ages,Chronic lower respiratory diseases,4725
2006,All Ages,Accidents,4401
2006,All Ages,Motor vehicle accidents,1389
2006,All Ages,All other accidents,3012
2006,All Ages,Diabetes mellitus,2794
2006,All Ages,Alzheimer's disease,2792
2006,All Ages,Influenza and pneumonia,2671
2006,All Ages,"Nephritis, nephrotic syndrome and nephrosis",2501
2006,All Ages,Septicemia,2001
2006,All Ages,Chronic liver disease and cirrhosis,1070
2006,All Ages,Intentional self-harm (suicide),1007
2006,All Ages,Pneumonitis due to solids and liquids,896
2006,All Ages,Essential hypertension and hypertensive renal disease,896
2006,All Ages,Assault (homicide),859
2006,All Ages,Parkinsons's disease,852
2006,All Ages,Certain conditions originating in the perinatal period,698
2006,All Ages,"In situ neoplasms, benign neoplasms and neoplasms of uncertain or unknown behavior",653
2006,All Ages,Aortic aneurysm and dissection,525
2006,All Ages,"Congenital malformations, deformations and chromosomal abnormalities",451
2006,All Ages,Human immunodeficiency virus (HIV) disease,383
2006,All Ages,Atherosclerosis,369
2006,Ages 1-4,All causes,174
2006,Ages 1-4,Accidents,57
2006,Ages 1-4,Motor vehicle accidents,15
2006,Ages 1-4,All other accidents,42
2006,Ages 1-4,"Congenital malformations, deformations and chromosomal abnormalities",20
2006,Ages 1-4,Malignant neoplasms,15
2006,Ages 1-4,Assault (homicide),13
2006,Ages 5-14,All causes,219
2006,Ages 5-14,Accidents,69
2006,Ages 5-14,Motor vehicle accidents,34
2006,Ages 5-14,All other accidents,35
2006,Ages 5-14,Malignant neoplasms,38
2006,Ages 5-14,Assault (homicide),22
2006,Ages 5-14,"Congenital malformations, deformations and chromosomal abnormalities",17
2006,Ages 15-24,All causes,1321
2006,Ages 15-24,Accidents,538
2006,Ages 15-24,Motor vehicle accidents,330
2006,Ages 15-24,All other accidents,208
2006,Ages 15-24,Assault (homicide),302
2006,Ages 15-24,Intentional self-harm (suicide),131
2006,Ages 15-24,Malignant neoplasms,68
2006,Ages 15-24,Diseases of heart,56
2006,Ages 25-44,All causes,4851
2006,Ages 25-44,Accidents,1246
2006,Ages 25-44,Motor vehicle accidents,425
2006,Ages 25-44,All other accidents,821
2006,Ages 25-44,Malignant neoplasms,739
2006,Ages 25-44,Diseases of heart,677
2006,Ages 25-44,Intentional self-harm (suicide),370
2006,Ages 25-44,Assault (homicide),366
2006,Ages 25-44,Human immunodeficiency virus (HIV) disease,157
2006,Ages 25-44,Chronic liver disease and cirrhosis,122
2006,Ages 25-44,Diabetes mellitus,112
2006,Ages 25-44,Cerebrovascular diseases,89
2006,Ages 25-44,Septicemia,64
2006,Ages 25-44,Chronic lower respiratory diseases,63
2006,Ages 25-44,Influenza and pneumonia,59
2006,Ages 25-44,"Nephritis, nephrotic syndrome and nephrosis",47
2006,Ages 25-44,"Congenital malformations, deformations and chromosomal abnormalities",36
2006,Ages 45-64,All causes,18756
2006,Ages 45-64,Malignant neoplasms,6460
2006,Ages 45-64,Diseases of heart,4455
2006,Ages 45-64,Accidents,1146
2006,Ages 45-64,Motor vehicle accidents,357
2006,Ages 45-64,All other accidents,789
2006,Ages 45-64,Cerebrovascular diseases,650
2006,Ages 45-64,Diabetes mellitus,624
2006,Ages 45-64,Chronic lower respiratory diseases,603
2006,Ages 45-64,Chronic liver disease and cirrhosis,559
2006,Ages 45-64,Septicemia,384
2006,Ages 45-64,Intentional self-harm (suicide),365
2006,Ages 45-64,"Nephritis, nephrotic syndrome and nephrosis",325
2006,Ages 45-64,Influenza and pneumonia,238
2006,Ages 45-64,Human immunodeficiency virus (HIV) disease,199
2006,Ages 45-64,Essential hypertension and hypertensive renal disease,123
2006,Ages 45-64,Assault (homicide),108
2006,Age 65 and Older,All causes,75458
2006,Age 65 and Older,Diseases of heart,21792
2006,Age 65 and Older,Malignant neoplasms,16730
2006,Age 65 and Older,Cerebrovascular diseases,5213
2006,Age 65 and Older,Chronic lower respiratory diseases,4040
2006,Age 65 and Older,Alzheimer's disease,2758
2006,Age 65 and Older,Influenza and pneumonia,2345
2006,Age 65 and Older,"Nephritis, nephrotic syndrome and nephrosis",2115
2006,Age 65 and Older,Diabetes mellitus,2052
2006,Age 65 and Older,Septicemia,1526
2006,Age 65 and Older,Accidents,1281
2006,Age 65 and Older,Motor vehicle accidents,219
2006,Age 65 and Older,All other accidents,1062
2006,Age 65 and Older,Parkinsons's disease,838
2006,Age 65 and Older,Pneumonitis due to solids and liquids,825
2007,All Ages,All causes,100254
2007,All Ages,Diseases of heart,25766
2007,All Ages,Malignant neoplasms,24084
2007,All Ages,Cerebrovascular diseases,5851
2007,All Ages,Chronic lower respiratory diseases,4731
2007,All Ages,Accidents,4319
2007,All Ages,Motor vehicle accidents,1352
2007,All Ages,All other accidents,2967
2007,All Ages,Diabetes mellitus,2850
2007,All Ages,Alzheimer's disease,2729
2007,All Ages,Influenza and pneumonia,2549
2007,All Ages,"Nephritis, nephrotic syndrome and nephrosis",2532
2007,All Ages,Septicemia,2099
2007,All Ages,Intentional self-harm (suicide),1102
2007,All Ages,Chronic liver disease and cirrhosis,1029
2007,All Ages,Essential hypertension and hypertensive renal disease,855
2007,All Ages,Assault (homicide),854
2007,All Ages,Pneumonitis due to solids and liquids,821
2007,All Ages,Parkinsons's disease,817
2007,Ages 45-64,Accidents,1075
2007,All Ages,"In situ neoplasms, benign neoplasms and neoplasms of uncertain or unknown behavior",679
2007,All Ages,Certain conditions originating in the perinatal period,670
2007,All Ages,Aortic aneurysm and dissection,576
2007,All Ages,"Congenital malformations, deformations and chromosomal abnormalities",402
2007,All Ages,Atherosclerosis,306
2007,All Ages,Human immunodeficiency virus (HIV) disease,298
2007,All Ages,Anemias,249
2007,Ages 1-4,All causes,186
2007,Ages 1-4,Accidents,54
2007,Ages 1-4,Motor vehicle accidents,16
2007,Ages 1-4,All other accidents,38
2007,Ages 1-4,"Congenital malformations, deformations and chromosomal abnormalities",26
2007,Ages 1-4,Assault (homicide),17
2007,Ages 1-4,Malignant neoplasms,14
2007,Ages 5-14,All causes,266
2007,Ages 5-14,Accidents,93
2007,Ages 5-14,Motor vehicle accidents,49
2007,Ages 5-14,All other accidents,44
2007,Ages 5-14,Malignant neoplasms,31
2007,Ages 5-14,Assault (homicide),29
2007,Ages 5-14,"Congenital malformations, deformations and chromosomal abnormalities",18
2007,Ages 15-24,All causes,1348
2007,Ages 15-24,Accidents,549
2007,Ages 15-24,Motor vehicle accidents,350
2007,Ages 15-24,All other accidents,199
2007,Ages 15-24,Assault (homicide),305
2007,Ages 15-24,Intentional self-harm (suicide),162
2007,Ages 15-24,Malignant neoplasms,58
2007,Ages 15-24,Diseases of heart,43
2007,Ages 25-44,All causes,4604
2007,Ages 25-44,Accidents,1097
2007,Ages 25-44,Motor vehicle accidents,400
2007,Ages 25-44,All other accidents,697
2007,Ages 25-44,Malignant neoplasms,693
2007,Ages 25-44,Diseases of heart,689
2007,Ages 25-44,Intentional self-harm (suicide),383
2007,Ages 25-44,Assault (homicide),342
2007,Ages 25-44,Chronic liver disease and cirrhosis,127
2007,Ages 25-44,Human immunodeficiency virus (HIV) disease,118
2007,Ages 25-44,Cerebrovascular diseases,95
2007,Ages 25-44,Diabetes mellitus,93
2007,Ages 25-44,Septicemia,70
2007,Ages 25-44,Influenza and pneumonia,60
2007,Ages 25-44,Chronic lower respiratory diseases,47
2007,Ages 25-44,"Nephritis, nephrotic syndrome and nephrosis",43
2007,Ages 25-44,"Congenital malformations, deformations and chromosomal abnormalities",41
2007,Ages 45-64,All causes,18814
2007,Ages 45-64,Malignant neoplasms,6461
2007,Ages 45-64,Diseases of heart,4449
2007,Ages 45-64,Motor vehicle accidents,318
2007,Ages 45-64,All other accidents,757
2007,Ages 45-64,Cerebrovascular diseases,674
2007,Ages 45-64,Diabetes mellitus,652
2007,Ages 45-64,Chronic lower respiratory diseases,585
2007,Ages 45-64,Chronic liver disease and cirrhosis,527
2007,Ages 45-64,Septicemia,402
2007,Ages 45-64,Intentional self-harm (suicide),384
2007,Ages 45-64,"Nephritis, nephrotic syndrome and nephrosis",350
2007,Ages 45-64,Influenza and pneumonia,247
2007,Ages 45-64,Human immunodeficiency virus (HIV) disease,162
2007,Ages 45-64,"In situ neoplasms, benign neoplasms and neoplasms of uncertain or unknown behavior",107
2007,Ages 45-64,Viral hepatitis,106
2007,Age 65 and Older,All causes,73840
2007,Age 65 and Older,Diseases of heart,20547
2007,Age 65 and Older,Malignant neoplasms,16824
2007,Age 65 and Older,Cerebrovascular diseases,5068
2007,Age 65 and Older,Chronic lower respiratory diseases,4082
2007,Age 65 and Older,Alzheimer's disease,2687
2007,Age 65 and Older,Influenza and pneumonia,2208
2007,Age 65 and Older,"Nephritis, nephrotic syndrome and nephrosis",2124
2007,Age 65 and Older,Diabetes mellitus,2096
2007,Age 65 and Older,Septicemia,1596
2007,Age 65 and Older,Accidents,1401
2007,Age 65 and Older,Motor vehicle accidents,215
2007,Age 65 and Older,All other accidents,1186
2007,Age 65 and Older,Parkinsons's disease,797
2008,All Ages,All causes,103069
2008,All Ages,Diseases of heart,25979
2008,All Ages,Malignant neoplasms,24210
2008,All Ages,Cerebrovascular diseases,5765
2008,All Ages,Chronic lower respiratory diseases,5584
2008,All Ages,Accidents,4173
2008,All Ages,Motor vehicle accidents,1138
2008,All Ages,All other accidents,3035
2008,All Ages,Alzheimer's disease,3188
2008,All Ages,Diabetes mellitus,2839
2008,All Ages,Influenza and pneumonia,2663
2008,All Ages,"Nephritis, nephrotic syndrome and nephrosis",2571
2008,All Ages,Septicemia,1956
2008,All Ages,Intentional self-harm (suicide),1188
2008,All Ages,Chronic liver disease and cirrhosis,1144
2008,All Ages,Essential hypertension and hypertensive renal disease,929
2008,All Ages,Parkinsons's disease,882
2008,All Ages,Assault (homicide),867
2008,All Ages,Pneumonitis due to solids and liquids,840
2008,All Ages,"In situ neoplasms, benign neoplasms and neoplasms of uncertain or unknown behavior",657
2008,All Ages,Certain conditions originating in the perinatal period,654
2008,All Ages,Aortic aneurysm and dissection,488
2008,All Ages,"Congenital malformations, deformations and chromosomal abnormalities",391
2008,All Ages,Human immunodeficiency virus (HIV) disease,333
2008,All Ages,Atherosclerosis,314
2008,All Ages,Anemias,270
2008,Ages 1-4,All causes,173
2008,Ages 1-4,Accidents,44
2008,Ages 1-4,Motor vehicle accidents,9
2008,Ages 1-4,All other accidents,35
2008,Ages 1-4,"Congenital malformations, deformations and chromosomal abnormalities",23
2008,Ages 1-4,Diseases of heart,15
2008,Ages 1-4,Malignant neoplasms,12
2008,Ages 1-4,Assault (homicide),12
2008,Ages 5-14,All causes,228
2008,Ages 5-14,Accidents,64
2008,Ages 5-14,Motor vehicle accidents,36
2008,Ages 5-14,All other accidents,28
2008,Ages 5-14,Malignant neoplasms,30
2008,Ages 5-14,Assault (homicide),19
2008,Ages 5-14,Diseases of heart,14
2008,Ages 5-14,"Congenital malformations, deformations and chromosomal abnormalities",11
2008,Ages 5-14,Intentional self-harm (suicide),10
2008,Ages 15-24,All causes,1290
2008,Ages 15-24,Accidents,470
2008,Ages 15-24,Motor vehicle accidents,262
2008,Ages 15-24,All other accidents,208
2008,Ages 15-24,Assault (homicide),340
2008,Ages 15-24,Intentional self-harm (suicide),133
2008,Ages 15-24,Malignant neoplasms,65
2008,Ages 15-24,Diseases of heart,41
2008,Ages 25-44,All causes,4584
2008,Ages 25-44,Accidents,1121
2008,Ages 25-44,Motor vehicle accidents,357
2008,Ages 25-44,All other accidents,764
2008,Ages 25-44,Malignant neoplasms,663
2008,Ages 25-44,Diseases of heart,644
2008,Ages 25-44,Intentional self-harm (suicide),411
2008,Ages 25-44,Assault (homicide),338
2008,Ages 25-44,Chronic liver disease and cirrhosis,136
2008,Ages 25-44,Human immunodeficiency virus (HIV) disease,115
2008,Ages 25-44,Cerebrovascular diseases,100
2008,Ages 25-44,Diabetes mellitus,82
2008,Ages 25-44,Septicemia,71
2008,Ages 25-44,Chronic lower respiratory diseases,61
2008,Ages 25-44,Influenza and pneumonia,59
2008,Ages 25-44,"Nephritis, nephrotic syndrome and nephrosis",42
2008,Ages 25-44,"Congenital malformations, deformations and chromosomal abnormalities",24
2008,Ages 45-64,All causes,19379
2008,Ages 45-64,Malignant neoplasms,6601
2008,Ages 45-64,Diseases of heart,4566
2008,Ages 45-64,Accidents,1029
2008,Ages 45-64,Motor vehicle accidents,272
2008,Ages 45-64,All other accidents,757
2008,Ages 45-64,Cerebrovascular diseases,692
2008,Ages 45-64,Chronic lower respiratory diseases,654
2008,Ages 45-64,Diabetes mellitus,630
2008,Ages 45-64,Chronic liver disease and cirrhosis,614
2008,Ages 45-64,Intentional self-harm (suicide),449
2008,Ages 45-64,Septicemia,395
2008,Ages 45-64,"Nephritis, nephrotic syndrome and nephrosis",353
2008,Ages 45-64,Influenza and pneumonia,259
2008,Ages 45-64,Human immunodeficiency virus (HIV) disease,190
2008,Ages 45-64,Essential hypertension and hypertensive renal disease,124
2008,Ages 45-64,Assault (homicide),106
2008,Ages 45-64,Viral hepatitis,104
2008,Age 65 and Older,All causes,76152
2008,Age 65 and Older,Diseases of heart,20675
2008,Age 65 and Older,Malignant neoplasms,16834
2008,Age 65 and Older,Cerebrovascular diseases,4952
2008,Age 65 and Older,Chronic lower respiratory diseases,4844
2008,Age 65 and Older,Alzheimer's disease,3161
2008,Age 65 and Older,Influenza and pneumonia,2312
2008,Age 65 and Older,"Nephritis, nephrotic syndrome and nephrosis",2164
2008,Age 65 and Older,Diabetes mellitus,2113
2008,Age 65 and Older,Septicemia,1456
2008,Age 65 and Older,Accidents,1375
2008,Age 65 and Older,Motor vehicle accidents,196
2008,Age 65 and Older,All other accidents,1179
2008,Age 65 and Older,Parkinsons's disease,870
2008,Age 65 and Older,Essential hypertension and hypertensive renal disease,790
2008,Age 65 and Older,Pneumonitis due to solids and liquids,766
2009,All Ages,All causes,99896
2009,All Ages,Diseases of heart,24891
2009,All Ages,Malignant neoplasms,24159
2009,All Ages,Chronic lower respiratory diseases,5298
2009,All Ages,Cerebrovascular diseases,5243
2009,All Ages,Accidents,3958
2009,All Ages,Motor vehicle accidents,1050
2009,All Ages,All other accidents,2908
2009,All Ages,Alzheimer's disease,2896
2009,All Ages,Diabetes mellitus,2740
2009,All Ages,"Nephritis, nephrotic syndrome and nephrosis",2688
2009,All Ages,Influenza and pneumonia,2412
2009,All Ages,Septicemia,1993
2009,All Ages,Intentional self-harm (suicide),1166
2009,All Ages,Chronic liver disease and cirrhosis,1111
2009,All Ages,Essential hypertension and hypertensive renal disease,893
2009,All Ages,Parkinsons's disease,882
2009,All Ages,Assault (homicide),882
2009,All Ages,Pneumonitis due to solids and liquids,774
2009,All Ages,"In situ neoplasms, benign neoplasms and neoplasms of uncertain or unknown behavior",693
2009,All Ages,Certain conditions originating in the perinatal period,648
2009,All Ages,Aortic aneurysm and dissection,437
2009,All Ages,"Congenital malformations, deformations and chromosomal abnormalities",410
2009,All Ages,Enterocolitis due to Clostridium difficile,354
2009,All Ages,Anemias,269
2009,All Ages,Human immunodeficiency virus (HIV) disease,251
2009,Ages 1-4,All causes,187
2009,Ages 1-4,Accidents,48
2009,Ages 1-4,Motor vehicle accidents,18
2009,Ages 1-4,All other accidents,30
2009,Ages 1-4,"Congenital malformations, deformations and chromosomal abnormalities",27
2009,Ages 1-4,Assault (homicide),21
2009,Ages 1-4,Malignant neoplasms,18
2009,Ages 5-14,All causes,222
2009,Ages 5-14,Malignant neoplasms,42
2009,Ages 5-14,Accidents,36
2009,Ages 5-14,Motor vehicle accidents,20
2009,Ages 5-14,All other accidents,16
2009,Ages 5-14,"Congenital malformations, deformations and chromosomal abnormalities",23
2009,Ages 5-14,Assault (homicide),21
2009,Ages 5-14,Intentional self-harm (suicide),11
2009,Ages 5-14,Diseases of heart,10
2009,Ages 5-14,Influenza and pneumonia,10
2009,Ages 15-24,All causes,1259
2009,Ages 15-24,Accidents,419
2009,Ages 15-24,Motor vehicle accidents,225
2009,Ages 15-24,All other accidents,194
2009,Ages 15-24,Assault (homicide),344
2009,Ages 15-24,Intentional self-harm (suicide),138
2009,Ages 15-24,Malignant neoplasms,81
2009,Ages 15-24,Diseases of heart,56
2009,Ages 25-44,All causes,4467
2009,Ages 25-44,Accidents,1073
2009,Ages 25-44,Motor vehicle accidents,343
2009,Ages 25-44,All other accidents,730
2009,Ages 25-44,Malignant neoplasms,661
2009,Ages 25-44,Diseases of heart,618
2009,Ages 25-44,Intentional self-harm (suicide),400
2009,Ages 25-44,Assault (homicide),335
2009,Ages 25-44,Chronic liver disease and cirrhosis,132
2009,Ages 25-44,Cerebrovascular diseases,86
2009,Ages 25-44,Diabetes mellitus,85
2009,Ages 25-44,Human immunodeficiency virus (HIV) disease,83
2009,Ages 25-44,Septicemia,78
2009,Ages 25-44,Influenza and pneumonia,72
2009,Ages 25-44,Chronic lower respiratory diseases,63
2009,Ages 25-44,"Nephritis, nephrotic syndrome and nephrosis",53
2009,Ages 25-44,"Congenital malformations, deformations and chromosomal abnormalities",35
2009,Ages 45-64,All causes,19320
2009,Ages 45-64,Malignant neoplasms,6621
2009,Ages 45-64,Diseases of heart,4537
2009,Ages 45-64,Accidents,1046
2009,Ages 45-64,Motor vehicle accidents,250
2009,Ages 45-64,All other accidents,796
2009,Ages 45-64,Diabetes mellitus,667
2009,Ages 45-64,Chronic lower respiratory diseases,666
2009,Ages 45-64,Cerebrovascular diseases,622
2009,Ages 45-64,Chronic liver disease and cirrhosis,606
2009,Ages 45-64,Intentional self-harm (suicide),432
2009,Ages 45-64,Septicemia,362
2009,Ages 45-64,"Nephritis, nephrotic syndrome and nephrosis",347
2009,Ages 45-64,Influenza and pneumonia,285
2009,Ages 45-64,Human immunodeficiency virus (HIV) disease,145
2009,Ages 45-64,Essential hypertension and hypertensive renal disease,125
2009,Ages 45-64,Assault (homicide),109
2009,Ages 45-64,"In situ neoplasms, benign neoplasms and neoplasms of uncertain or unknown behavior",107
2009,Age 65 and Older,All causes,73265
2009,Age 65 and Older,Diseases of heart,19646
2009,Age 65 and Older,Malignant neoplasms,16733
2009,Age 65 and Older,Chronic lower respiratory diseases,4545
2009,Age 65 and Older,Cerebrovascular diseases,4517
2009,Age 65 and Older,Alzheimer's disease,2855
2009,Age 65 and Older,"Nephritis, nephrotic syndrome and nephrosis",2279
2009,Age 65 and Older,Influenza and pneumonia,2005
2009,Age 65 and Older,Diabetes mellitus,1982
2009,Age 65 and Older,Septicemia,1529
2009,Age 65 and Older,Accidents,1286
2009,Age 65 and Older,Motor vehicle accidents,193
2009,Age 65 and Older,All other accidents,1093
2009,Age 65 and Older,Parkinsons's disease,859
2009,Age 65 and Older,Essential hypertension and hypertensive renal disease,751
2009,Age 65 and Older,Pneumonitis due to solids and liquids,700
2009,Age 65 and Older,"In situ neoplasms, benign neoplasms and neoplasms of uncertain or unknown behavior",547
2009,Age 65 and Older,Chronic liver disease and cirrhosis,371
2010,All Ages,All causes,99624
2010,All Ages,Diseases of heart,24868
2010,All Ages,Malignant neoplasms,24016
2010,All Ages,Cerebrovascular diseases,5333
2010,All Ages,Chronic lower respiratory diseases,5219
2010,All Ages,Accidents,3961
2010,All Ages,Motor vehicle accidents,1017
2010,All Ages,All other accidents,2944
2010,All Ages,Alzheimer's disease,2915
2010,All Ages,"Nephritis, nephrotic syndrome and nephrosis",2607
2010,All Ages,Diabetes mellitus,2499
2010,All Ages,Influenza and pneumonia,2205
2010,All Ages,Septicemia,1858
2010,All Ages,Intentional self-harm (suicide),1169
2010,All Ages,Chronic liver disease and cirrhosis,1119
2010,All Ages,Parkinsons's disease,907
2010,All Ages,Essential hypertension and hypertensive renal disease,870
2010,All Ages,Pneumonitis due to solids and liquids,827
2010,All Ages,Assault (homicide),779
2010,All Ages,"In situ neoplasms, benign neoplasms and neoplasms of uncertain or unknown behavior",668
2010,All Ages,Certain conditions originating in the perinatal period,612
2010,All Ages,Aortic aneurysm and dissection,440
2010,All Ages,Enterocolitis due to Clostridium difficile,356
2010,All Ages,"Congenital malformations, deformations and chromosomal abnormalities",344
2010,All Ages,Human immunodeficiency virus (HIV) disease,301
2010,All Ages,Atherosclerosis,247
2010,Ages 1-4,All causes,176
2010,Ages 1-4,Accidents,37
2010,Ages 1-4,Motor vehicle accidents,8
2010,Ages 1-4,All other accidents,29
2010,Ages 1-4,"Congenital malformations, deformations and chromosomal abnormalities",22
2010,Ages 1-4,Assault (homicide),16
2010,Ages 1-4,Malignant neoplasms,13
2010,Ages 5-14,All causes,224
2010,Ages 5-14,Accidents,57
2010,Ages 5-14,Motor vehicle accidents,26
2010,Ages 5-14,All other accidents,31
2010,Ages 5-14,Malignant neoplasms,42
2010,Ages 5-14,Assault (homicide),15
2010,Ages 5-14,Diseases of heart,13
2010,Ages 5-14,"Congenital malformations, deformations and chromosomal abnormalities",12
2010,Ages 5-14,Chronic lower respiratory diseases,10
2010,Ages 15-24,All causes,1191
2010,Ages 15-24,Accidents,447
2010,Ages 15-24,Motor vehicle accidents,226
2010,Ages 15-24,All other accidents,221
2010,Ages 15-24,Assault (homicide),282
2010,Ages 15-24,Intentional self-harm (suicide),142
2010,Ages 15-24,Malignant neoplasms,68
2010,Ages 15-24,Diseases of heart,50
2010,Ages 25-44,All causes,4266
2010,Ages 25-44,Accidents,1005
2010,Ages 25-44,Motor vehicle accidents,300
2010,Ages 25-44,All other accidents,705
2010,Ages 25-44,Malignant neoplasms,628
2010,Ages 25-44,Diseases of heart,611
2010,Ages 25-44,Intentional self-harm (suicide),385
2010,Ages 25-44,Assault (homicide),327
2010,Ages 25-44,Chronic liver disease and cirrhosis,115
2010,Ages 25-44,Diabetes mellitus,106
2010,Ages 25-44,Cerebrovascular diseases,100
2010,Ages 25-44,Human immunodeficiency virus (HIV) disease,99
2010,Ages 25-44,Chronic lower respiratory diseases,64
2010,Ages 25-44,Influenza and pneumonia,48
2010,Ages 25-44,"Nephritis, nephrotic syndrome and nephrosis",43
2010,Ages 25-44,Septicemia,43
2010,Ages 45-64,All causes,19068
2010,Ages 45-64,Malignant neoplasms,6590
2010,Ages 45-64,Diseases of heart,4507
2010,Ages 45-64,Accidents,1008
2010,Ages 45-64,Motor vehicle accidents,282
2010,Ages 45-64,All other accidents,726
2010,Ages 45-64,Chronic lower respiratory diseases,680
2010,Ages 45-64,Diabetes mellitus,628
2010,Ages 45-64,Cerebrovascular diseases,618
2010,Ages 45-64,Chronic liver disease and cirrhosis,591
2010,Ages 45-64,Intentional self-harm (suicide),463
2010,Ages 45-64,"Nephritis, nephrotic syndrome and nephrosis",351
2010,Ages 45-64,Septicemia,329
2010,Ages 45-64,Influenza and pneumonia,229
2010,Ages 45-64,Human immunodeficiency virus (HIV) disease,171
2010,Ages 45-64,Essential hypertension and hypertensive renal disease,96
2010,Ages 45-64,Viral hepatitis,95
2010,Ages 45-64,Assault (homicide),93
2010,Ages 65-84,All causes,41263
2010,Ages 65-84,Malignant neoplasms,12504
2010,Ages 65-84,Diseases of heart,9818
2010,Ages 65-84,Chronic lower respiratory diseases,2971
2010,Ages 65-84,Cerebrovascular diseases,2217
2010,Ages 65-84,"Nephritis, nephrotic syndrome and nephrosis",1233
2010,Ages 65-84,Diabetes mellitus,1139
2010,Ages 65-84,Septicemia,887
2010,Ages 65-84,Alzheimer's disease,883
2010,Ages 65-84,Influenza and pneumonia,839
2010,Ages 65-84,Accidents,760
2010,Ages 65-84,Motor vehicle accidents,134
2010,Ages 65-84,All other accidents,626
2010,Ages 65-84,Parkinsons's disease,490
2010,Ages 65-84,Chronic liver disease and cirrhosis,356
2010,Ages 65-84,"In situ neoplasms, benign neoplasms and neoplasms of uncertain or unknown behavior",322
2010,Ages 65-84,Essential hypertension and hypertensive renal disease,318
2010,Ages 65-84,Pneumonitis due to solids and liquids,293
2010,Ages 65-84,Aortic aneurysm and dissection,216
2010,Ages 65-84,Enterocolitis due to Clostridium difficile,161
2010,Ages 65-84,Intentional self-harm (suicide),140
2010,Age 85 and Older,All causes,32320
2010,Age 85 and Older,Diseases of heart,9848
2010,Age 85 and Older,Malignant neoplasms,4167
2010,Age 85 and Older,Cerebrovascular diseases,2375
2010,Age 85 and Older,Alzheimer's disease,1996
2010,Age 85 and Older,Chronic lower respiratory diseases,1483
2010,Age 85 and Older,Influenza and pneumonia,1066
2010,Age 85 and Older,"Nephritis, nephrotic syndrome and nephrosis",967
2010,Age 85 and Older,Diabetes mellitus,618
2010,Age 85 and Older,Accidents,592
2010,Age 85 and Older,Motor vehicle accidents,40
2010,Age 85 and Older,All other accidents,552
2010,Age 85 and Older,Septicemia,577
2010,Age 85 and Older,Pneumonitis due to solids and liquids,475
2010,Age 85 and Older,Essential hypertension and hypertensive renal disease,441
2010,Age 85 and Older,Parkinsons's disease,400
2010,Age 85 and Older,"In situ neoplasms, benign neoplasms and neoplasms of uncertain or unknown behavior",222
2010,Age 85 and Older,Enterocolitis due to Clostridium difficile,169
2010,Age 85 and Older,Atherosclerosis,166
2010,Age 85 and Older,Aortic aneurysm and dissection,123
2010,Age 85 and Older,Anemias,109
